date,close,open,high,low,volume
2016-01-04,21.135,21.03,21.14,20.805,43089240
2016-01-05,21.08,21.2,21.25,20.985,31966700
2016-01-06,20.82,20.77,20.9575,20.6925,27691560
2016-01-07,20.205,20.395,20.6581,20.195,33622280
2016-01-08,20.045,20.38,20.4475,20.02,38346820
2016-01-11,20.175,20.185,20.2649,19.925,38047020
2016-01-12,20.415,20.39,20.46,20.155,31590680
2016-01-13,19.865,20.565,20.565,19.83,43830740
2016-01-14,20.24,19.95,20.395,19.7125,39590520
2016-01-15,19.67,19.58,19.86,19.43,40275080
2016-01-19,19.69,19.9,19.935,19.515,39291200
2016-01-20,19.535,19.355,19.73,19.0135,59263600
2016-01-21,19.645,19.645,19.93,19.4,44271340
2016-01-22,20.19,20.02,20.195,19.99,22496480
2016-01-25,19.955,20.08,20.255,19.92,20927660
2016-01-26,20.15,20.035,20.195,19.9075,22920920
2016-01-27,19.735,19.985,20.105,19.645,36041240
2016-01-28,19.99,20.025,20.065,19.75,35131420
2016-01-29,20.62,20.155,20.635,20.115,32226220
2016-02-01,20.695,20.535,20.79,20.5175,29593440
2016-02-02,20.325,20.635,20.64,20.26,27902320
2016-02-03,20.3,20.455,20.465,19.985,43012500
2016-02-04,20.32,20.26,20.4525,20.105,36406080
2016-02-05,19.75,20.24,20.275,19.67,47534480
2016-02-08,19.465,19.4175,19.52,19.1275,49641600
2016-02-09,19.375,19.23,19.65,19.1975,49510520
2016-02-10,19.415,19.54,19.7675,19.395,33930460
2016-02-11,19.365,19.1625,19.49,19.125,49250020
2016-02-12,19.635,19.52,19.65,19.41,21765320
2016-02-16,19.985,19.855,19.99,19.7475,20564160
2016-02-17,20.395,20.1,20.435,20.075,22257400
2016-02-18,20.315,20.465,20.49,20.275,23154800
2016-02-19,20.33,20.24,20.39,20.1875,17158618
2016-02-22,20.6,20.515,20.63,20.485,13181160
2016-02-23,20.275,20.515,20.535,20.235,16313356
2016-02-24,20.43,20.055,20.47,19.95,20222900
2016-02-25,20.685,20.5,20.695,20.34,18806838
2016-02-26,20.63,20.8,20.82,20.585,19545890
2016-02-29,20.485,20.61,20.803,20.485,27203800
2016-03-01,21.095,20.66,21.095,20.63,24608840
2016-03-02,21.155,21.02,21.155,20.9825,17496488
2016-03-03,21.155,21.165,21.1675,20.99,15767570
2016-03-04,21.21,21.16,21.3125,21.0725,15771826
2016-03-07,21.08,21.09,21.175,20.925,31626780
2016-03-08,20.95,20.955,21.1225,20.875,23400360
2016-03-09,21.13,20.98,21.135,20.98,24302960
2016-03-10,21.11,21.22,21.315,20.85,25876840
2016-03-11,21.435,21.32,21.44,21.27,17640294
2016-03-14,21.46,21.37,21.5,21.36,20107440
2016-03-15,21.54,21.375,21.56,21.365,12642200
2016-03-16,21.79,21.44,21.825,21.435,29511720
2016-03-17,21.87,21.75,21.94,21.725,18716258
2016-03-18,21.795,21.845,21.86,21.6975,18828740
2016-03-21,21.87,21.745,21.88,21.735,16006942
2016-03-22,21.875,21.77,21.96,21.7675,26225720
2016-03-23,21.75,21.845,21.87,21.705,21350140
2016-03-24,21.81,21.655,21.81,21.625,13486666
2016-03-28,21.755,21.83,21.8575,21.715,12815918
2016-03-29,22.095,21.715,22.11,21.69,20163020
2016-03-30,22.225,22.21,22.335,22.175,21911900
2016-03-31,22.18,22.195,22.29,22.14,29121120
2016-04-01,22.35,22.025,22.36,22.005,19308414
2016-04-04,22.265,22.315,22.365,22.22,15292340
2016-04-05,22.05,22.12,22.175,22.005,21452280
2016-04-06,22.265,22.055,22.265,21.975,22276960
2016-04-07,21.945,22.105,22.15,21.86,21261740
2016-04-08,21.945,22.06,22.1425,21.87,17525592
2016-04-11,21.885,22.04,22.17,21.885,16276970
2016-04-12,22.035,21.925,22.0525,21.775,19183948
2016-04-13,22.26,22.165,22.295,22.14,15753200
2016-04-14,22.255,22.23,22.325,22.1775,13005498
2016-04-15,22.17,22.225,22.2825,22.125,12921750
2016-04-18,22.265,22.105,22.265,22.07,14225740
2016-04-19,22.14,22.305,22.33,22.015,12941734
2016-04-20,22.185,22.16,22.285,22.095,13728638
2016-04-21,22.105,22.155,22.1979,22.05,22515100
2016-04-22,21.72,21.755,21.865,21.605,29832760
2016-04-25,21.725,21.66,21.7325,21.605,18715052
2016-04-26,21.62,21.75,21.8,21.55,14726698
2016-04-27,21.52,21.345,21.545,21.265,25555480
2016-04-28,21.25,21.555,21.63,21.18,45339220
2016-04-29,21.065,21.13,21.165,20.91,23792340
2016-05-02,21.22,21.11,21.2425,21.02,25059980
2016-05-03,21.025,21.075,21.12,20.955,25036200
2016-05-04,20.96,20.93,21.02,20.9,22475480
2016-05-05,20.97,21.02,21.0675,20.92,27098620
2016-05-06,21.125,20.88,21.125,20.88,18459772
2016-05-09,21.125,21.135,21.225,21.11,15082366
2016-05-10,21.4,21.19,21.4,21.165,27824180
2016-05-11,21.245,21.345,21.465,21.245,14304130
2016-05-12,21.185,21.325,21.325,21.05,18673256
2016-05-13,21.105,21.18,21.31,21.08,21842580
2016-05-16,21.4,21.125,21.45,21.125,12788336
2016-05-17,21.185,21.335,21.4375,21.1184,19880136
2016-05-18,21.225,21.13,21.3898,21.1,21807440
2016-05-19,21.11,21.175,21.2,20.9825,17251762
2016-05-20,21.365,21.225,21.4125,21.21,11745874
2016-05-23,21.325,21.355,21.445,21.305,16822052
2016-05-24,21.725,21.41,21.76,21.41,18921322
2016-05-25,21.875,21.815,21.945,21.785,19668554
2016-05-26,21.945,21.875,21.978,21.8305,13011236
2016-05-27,22.05,21.94,22.08,21.915,15576036
2016-05-31,22.095,22.07,22.125,21.965,24708540
2016-06-01,22.04,22.02,22.0975,21.985,13726932
2016-06-02,22.02,21.95,22.02,21.84,15529000
2016-06-03,21.97,21.99,22.0175,21.85,16593000
2016-06-06,22.01,21.985,22.0875,21.965,17271170
2016-06-07,22.1,22.08,22.15,22.075,8818200
2016-06-08,22.145,22.095,22.18,22.06,16303306
2016-06-09,22.15,22.055,22.175,22.04,25839040
2016-06-10,21.98,21.98,22.0525,21.905,16547160
2016-06-13,21.735,21.785,21.915,21.73,23674560
2016-06-14,21.785,21.685,21.82,21.63,16820434
2016-06-15,21.73,21.82,21.8625,21.705,14154216
2016-06-16,21.775,21.62,21.81,21.5,19192540
2016-06-17,21.525,21.625,21.675,21.4275,22922220
2016-06-20,21.615,21.715,21.8025,21.61,13711338
2016-06-21,21.765,21.68,21.815,21.66,11471576
2016-06-22,21.69,21.77,21.85,21.665,12990500
2016-06-23,21.985,21.83,22.005,21.75,19495970
2016-06-24,21.14,21.21,21.569,21.095,47245560
2016-06-27,20.715,20.985,20.985,20.63,37031860
2016-06-28,21.125,20.945,21.125,20.91,26488600
2016-06-29,21.45,21.27,21.485,21.2625,21008480
2016-06-30,21.685,21.5,21.695,21.45,26704440
2016-07-01,21.735,21.7,21.801,21.67,14935484
2016-07-05,21.575,21.62,21.65,21.51,17361480
2016-07-06,21.725,21.505,21.73,21.43,15701684
2016-07-07,21.725,21.705,21.825,21.645,12111024
2016-07-08,22.065,21.83,22.08,21.805,25496340
2016-07-11,22.195,22.135,22.2425,22.115,11628094
2016-07-12,22.375,22.345,22.405,22.275,32037100
2016-07-13,22.38,22.44,22.455,22.367,21218880
2016-07-14,22.525,22.505,22.575,22.455,30972360
2016-07-15,22.505,22.6,22.6,22.44,9729210
2016-07-18,22.655,22.54,22.68,22.5,8214498
2016-07-19,22.605,22.615,22.66,22.572,8899640
2016-07-20,22.9,22.78,22.94,22.75,10732590
2016-07-21,22.78,22.905,22.935,22.725,10917350
2016-07-22,22.915,22.765,22.915,22.715,9414300
2016-07-25,22.885,22.875,22.9275,22.815,8489802
2016-07-26,22.935,22.91,23.0025,22.825,18114910
2016-07-27,23.125,23.185,23.185,23.015,21820160
2016-07-28,23.14,23.155,23.2075,23.0475,12659140
2016-07-29,23.225,23.24,23.28,23.1549,21177500
2016-08-01,23.27,23.225,23.315,23.1825,15669638
2016-08-02,23.095,23.225,23.275,22.985,22224420
2016-08-03,23.175,23.075,23.175,23.07,15959680
2016-08-04,23.3,23.18,23.31,23.16,16752328
2016-08-05,23.525,23.375,23.535,23.35,12126104
2016-08-08,23.52,23.55,23.61,23.47,10439170
2016-08-09,23.57,23.52,23.63,23.52,29836960
2016-08-10,23.495,23.58,23.59,23.465,7112398
2016-08-11,23.58,23.57,23.645,23.545,10518650
2016-08-12,23.555,23.575,23.575,23.505,6922698
2016-08-15,23.67,23.585,23.715,23.5675,16561484
2016-08-16,23.495,23.63,23.63,23.495,9064508
2016-08-17,23.485,23.505,23.515,23.35,10575092
2016-08-18,23.495,23.48,23.52,23.4075,7086418
2016-08-19,23.51,23.43,23.5299,23.375,9576618
2016-08-22,23.51,23.445,23.5349,23.405,9256930
2016-08-23,23.595,23.58,23.65,23.575,16604310
2016-08-24,23.465,23.585,23.595,23.41,13613420
2016-08-25,23.515,23.425,23.545,23.385,11825304
2016-08-26,23.525,23.5,23.695,23.3975,24227140
2016-08-29,23.615,23.515,23.65,23.515,13965014
2016-08-30,23.535,23.57,23.62,23.455,11436310
2016-08-31,23.495,23.505,23.53,23.42,22322320
2016-09-01,23.57,23.49,23.59,23.385,18463452
2016-09-02,23.675,23.685,23.74,23.57,13799644
2016-09-06,23.795,23.69,23.795,23.66,30214760
2016-09-07,23.855,23.795,23.86,23.73,23169960
2016-09-08,23.66,23.77,23.775,23.5975,16576600
2016-09-09,23.08,23.445,23.5275,23.08,33595520
2016-09-12,23.465,22.965,23.515,22.93,38020760
2016-09-13,23.295,23.375,23.4582,23.2,34717520
2016-09-14,23.405,23.3,23.55,23.295,34214400
2016-09-15,23.79,23.455,23.835,23.405,32638100
2016-09-16,23.605,23.7,23.7,23.5,31766120
2016-09-19,23.56,23.665,23.78,23.495,14242630
2016-09-20,23.545,23.64,23.685,23.5133,10001792
2016-09-21,23.81,23.635,23.825,23.545,24095760
2016-09-22,23.955,23.95,23.9825,23.895,20997080
2016-09-23,23.745,23.95,23.95,23.705,23973080
2016-09-26,23.605,23.645,23.686,23.56,19226664
2016-09-27,23.865,23.635,23.875,23.575,17550480
2016-09-28,23.91,23.885,23.92,23.76,18097440
2016-09-29,23.765,23.88,23.9385,23.695,22813800
2016-09-30,23.89,23.82,23.9625,23.8,18432872
2016-10-03,23.82,23.825,23.88,23.7631,12462884
2016-10-04,23.735,23.9,23.9375,23.6517,17804428
2016-10-05,23.82,23.8,23.875,23.775,18015692
2016-10-06,23.875,23.84,23.8975,23.735,10011548
2016-10-07,23.81,23.895,23.925,23.695,12147880
2016-10-10,23.975,23.935,24.03,23.92,13315800
2016-10-11,23.705,23.975,24.005,23.6,17436586
2016-10-12,23.745,23.725,23.81,23.6025,11028014
2016-10-13,23.595,23.59,23.67,23.395,19320572
2016-10-14,23.685,23.69,23.845,23.665,18896562
2016-10-17,23.635,23.685,23.7325,23.62,10148152
2016-10-18,23.765,23.81,23.87,23.735,10117874
2016-10-19,23.81,23.75,23.835,23.705,10069754
2016-10-20,23.7,23.75,23.76,23.585,12292006
2016-10-21,23.765,23.735,23.78,23.67,16153890
2016-10-24,23.995,23.89,24.01,23.87,10700080
2016-10-25,23.91,24.03,24.03,23.865,8724328
2016-10-26,23.775,23.71,23.9025,23.7,12559110
2016-10-27,23.745,23.88,23.885,23.715,17642134
2016-10-28,23.72,23.81,23.965,23.66,20835760
2016-10-31,23.71,23.78,23.815,23.71,11759920
2016-11-01,23.505,23.76,23.785,23.3428,18130380
2016-11-02,23.355,23.505,23.575,23.2978,16309876
2016-11-03,23.13,23.29,23.34,23.12,20233420
2016-11-04,23.09,23.11,23.275,23.0317,16302334
2016-11-07,23.59,23.43,23.6,23.375,26449000
2016-11-08,23.705,23.545,23.8025,23.52,19528062
2016-11-09,23.675,23.345,23.715,23.22,54255320
2016-11-10,23.295,23.81,23.81,22.97,79031020
2016-11-11,23.365,23.165,23.415,23.165,28183100
2016-11-14,23.01,23.385,23.4,22.9,37925580
2016-11-15,23.335,23.165,23.4164,23.155,34741500
2016-11-16,23.55,23.28,23.565,23.25,20248480
2016-11-17,23.7,23.58,23.72,23.5251,16295814
2016-11-18,23.68,23.755,23.805,23.6325,17627684
2016-11-21,23.92,23.765,23.9387,23.73,17951420
2016-11-22,23.995,24.0,24.034,23.94,16977574
2016-11-23,23.9,23.98,23.98,23.815,16233488
2016-11-25,24.0,23.915,24.005,23.89,6219016
2016-11-28,24.02,23.98,24.13,23.965,14975686
2016-11-29,24.035,24.005,24.15,23.95,11856860
2016-11-30,23.75,24.07,24.07,23.745,23629180
2016-12-01,23.26,23.72,23.78,23.195,43760660
2016-12-02,23.345,23.24,23.4,23.185,20105300
2016-12-05,23.57,23.475,23.6275,23.38,18007872
2016-12-06,23.64,23.625,23.68,23.53,18509578
2016-12-07,24.09,23.625,24.1086,23.61,19945668
2016-12-08,24.15,24.1,24.255,24.035,19348482
2016-12-09,24.325,24.24,24.325,24.2,24568320
2016-12-12,24.25,24.25,24.305,24.175,19170456
2016-12-13,24.555,24.355,24.675,24.34,27898000
2016-12-14,24.47,24.57,24.665,24.42,35813080
2016-12-15,24.58,24.5,24.7025,24.46,23139840
2016-12-16,24.295,24.54,24.5449,24.258,21131080
2016-12-19,24.47,24.315,24.55,24.295,13229304
2016-12-20,24.56,24.535,24.6,24.5,11410654
2016-12-21,24.51,24.55,24.56,24.46,9224436
2016-12-22,24.46,24.51,24.525,24.3825,22156760
2016-12-23,24.485,24.435,24.49,24.3918,12715706
2016-12-27,24.585,24.51,24.7,24.5,13570080
2016-12-28,24.365,24.615,24.6475,24.355,15554814
2016-12-29,24.37,24.365,24.4325,24.31,9593088
2016-12-30,24.18,24.425,24.425,24.105,16995394
2017-01-03,24.395,24.335,24.48,24.25,27852000
2017-01-04,24.48,24.415,24.515,24.4,14433640
2017-01-05,24.52,24.455,24.58,24.425,10964176
2017-01-06,24.7,24.52,24.735,24.45,17447956
2017-01-09,24.695,24.715,24.775,24.68,16626128
2017-01-10,24.7,24.7,24.785,24.615,15471130
2017-01-11,24.815,24.655,24.815,24.6225,15173004
2017-01-12,24.755,24.72,24.7825,24.52,13725442
2017-01-13,24.83,24.755,24.875,24.755,9665856
2017-01-17,24.735,24.765,24.8025,24.68,9636196
2017-01-18,24.8,24.805,24.835,24.7375,12296022
2017-01-19,24.765,24.8,24.8875,24.72,14494062
2017-01-20,24.9,24.875,24.965,24.835,17476842
2017-01-23,24.945,24.875,24.955,24.77,23955260
2017-01-24,25.1,24.925,25.1375,24.915,13021902
2017-01-25,25.34,25.235,25.34,25.215,18393382
2017-01-26,25.27,25.335,25.3525,25.2,14251572
2017-01-27,25.37,25.36,25.415,25.315,12045624
2017-01-30,25.165,25.285,25.285,25.05,16865188
2017-01-31,25.04,25.085,25.11,24.93,19097258
2017-02-01,25.23,25.27,25.31,25.09,23362020
2017-02-02,25.18,25.155,25.2225,25.05,17197618
2017-02-03,25.345,25.275,25.3775,25.27,13653390
2017-02-06,25.36,25.31,25.3625,25.245,13453036
2017-02-07,25.46,25.41,25.49,25.39,20106360
2017-02-08,25.505,25.485,25.545,25.3875,12706170
2017-02-09,25.585,25.52,25.65,25.505,9740044
2017-02-10,25.66,25.645,25.7,25.5775,8355592
2017-02-13,25.775,25.705,25.805,25.67,13159206
2017-02-14,25.86,25.745,25.86,25.67,12467510
2017-02-15,25.945,25.84,25.965,25.815,11895030
2017-02-16,26.005,25.98,26.075,25.9425,14123094
2017-02-17,26.095,25.975,26.095,25.935,14175394
2017-02-21,26.23,26.15,26.24,26.11,15237006
2017-02-22,26.26,26.205,26.28,26.15,13769630
2017-02-23,26.255,26.295,26.315,26.14,13404652
2017-02-24,26.315,26.1,26.325,26.085,15544210
2017-02-27,26.3,26.31,26.31,26.24,15951202
2017-02-28,26.175,26.255,26.28,26.135,15241994
2017-03-01,26.545,26.335,26.58,26.275,18189992
2017-03-02,26.37,26.52,26.525,26.355,14340224
2017-03-03,26.43,26.35,26.43,26.295,15713890
2017-03-06,26.39,26.32,26.435,26.275,13430324
2017-03-07,26.39,26.37,26.5,26.35,13960552
2017-03-08,26.42,26.42,26.5,26.3825,11361304
2017-03-09,26.415,26.425,26.455,26.285,15300374
2017-03-10,26.555,26.54,26.61,26.445,14709116
2017-03-13,26.58,26.555,26.61,26.53,14909510
2017-03-14,26.52,26.56,26.56,26.4175,14474746
2017-03-15,26.7,26.56,26.745,26.48,17866846
2017-03-16,26.715,26.8,26.8075,26.6856,21955460
2017-03-17,26.67,26.715,26.755,26.66,13763270
2017-03-20,26.6853,26.675,26.7543,26.62,9083082
2017-03-21,26.305,26.765,26.83,26.295,29787320
2017-03-22,26.47,26.31,26.51,26.275,22740480
2017-03-23,26.4,26.43,26.51,26.3575,22688120
2017-03-24,26.42,26.49,26.58,26.3275,26269760
2017-03-27,26.42,26.2,26.475,26.165,13654004
2017-03-28,26.61,26.395,26.67,26.35,16907712
2017-03-29,26.655,26.6,26.67,26.54,11410260
2017-03-30,26.705,26.635,26.7376,26.615,17508462
2017-03-31,26.655,26.68,26.745,26.6272,12206996
2017-04-03,26.63,26.68,26.72,26.4675,26035780
2017-04-04,26.65,26.52,26.65,26.51,15041594
2017-04-05,26.54,26.675,26.855,26.515,20955740
2017-04-06,26.545,26.57,26.625,26.48,13870176
2017-04-07,26.53,26.505,26.6,26.435,12935390
2017-04-10,26.48,26.545,26.6075,26.4275,9687274
2017-04-11,26.38,26.435,26.4725,26.165,16914090
2017-04-12,26.29,26.355,26.3825,26.2375,17368430
2017-04-13,26.185,26.26,26.435,26.185,19487050
2017-04-17,26.425,26.265,26.435,26.265,14131666
2017-04-18,26.42,26.355,26.4705,26.315,12459074
2017-04-19,26.4,26.46,26.555,26.35,14519198
2017-04-20,26.64,26.47,26.6825,26.43,15137002
2017-04-21,26.585,26.65,26.655,26.535,15233018
2017-04-24,26.9,26.875,26.92,26.815,16209778
2017-04-25,27.04,27.01,27.0936,26.9625,20089500
2017-04-26,27.01,27.06,27.105,26.985,16257672
2017-04-27,27.12,27.08,27.14,27.0525,17098866
2017-04-28,27.19,27.205,27.245,27.125,22793160
2017-05-01,27.395,27.29,27.4275,27.24,15123120
2017-05-02,27.455,27.45,27.495,27.355,14812828
2017-05-03,27.405,27.365,27.4249,27.28,14306806
2017-05-04,27.385,27.415,27.43,27.295,15137854
2017-05-05,27.485,27.43,27.4925,27.3625,13617640
2017-05-08,27.605,27.505,27.6198,27.455,12107078
2017-05-09,27.64,27.635,27.7125,27.585,15379610
2017-05-10,27.745,27.67,27.765,27.6075,10591814
2017-05-11,27.71,27.66,27.725,27.55,18181278
2017-05-12,27.78,27.735,27.795,27.705,9295250
2017-05-15,27.935,27.815,27.935,27.8,19898330
2017-05-16,28.065,28.0,28.065,27.905,18120920
2017-05-17,27.3,27.845,27.87,27.285,36980480
2017-05-18,27.46,27.23,27.565,27.185,31651740
2017-05-19,27.62,27.61,27.705,27.58,20308800
2017-05-22,27.84,27.685,27.875,27.68,20990000
2017-05-23,27.89,27.955,27.985,27.815,13209742
2017-05-24,28.005,27.965,28.01,27.8975,18823158
2017-05-25,28.205,28.095,28.264,28.0378,12174208
2017-05-26,28.19,28.18,28.225,28.1175,72535620
2017-05-30,28.31,28.2,28.34,28.165,11836314
2017-05-31,28.265,28.415,28.425,28.17,28479440
2017-06-01,28.335,28.325,28.335,28.1575,16603498
2017-06-02,28.595,28.44,28.6,28.3475,16843574
2017-06-05,28.62,28.595,28.695,28.56,13501598
2017-06-06,28.565,28.585,28.71,28.53,15307306
2017-06-07,28.655,28.63,28.705,28.505,17317414
2017-06-08,28.72,28.705,28.74,28.56,14188078
2017-06-09,28.01,28.76,28.81,27.61,70284020
2017-06-12,27.845,27.72,27.89,27.385,71375120
2017-06-13,28.045,27.98,28.135,27.84,36586300
2017-06-14,27.91,28.155,28.16,27.6775,32332640
2017-06-15,27.785,27.595,27.825,27.475,29500920
2017-06-16,27.625,27.675,27.6846,27.51,41993160
2017-06-19,28.035,27.835,28.055,27.82,19795600
2017-06-20,27.81,28.025,28.04,27.81,21811720
2017-06-21,27.965,27.905,27.98,27.82,24517400
2017-06-22,27.975,28.05,28.07,27.885,17585140
2017-06-23,28.15,27.95,28.2196,27.905,32783440
2017-06-26,28.0,28.3,28.36,27.97,19392968
2017-06-27,27.54,27.85,27.9,27.54,25741420
2017-06-28,27.885,27.645,27.91,27.46,25844220
2017-06-29,27.385,27.755,27.755,27.165,41928400
2017-06-30,27.36,27.5,27.545,27.335,30621340
2017-07-03,27.17,27.475,27.525,27.14,33105880
2017-07-05,27.44,27.27,27.4925,27.18,29598000
2017-07-06,27.19,27.2,27.34,27.125,25584720
2017-07-07,27.505,27.29,27.595,27.27,17635676
2017-07-10,27.705,27.51,27.7675,27.47,11188466
2017-07-11,27.765,27.675,27.81,27.57,13697760
2017-07-12,28.125,27.955,28.15,27.9375,33102680
2017-07-13,28.18,28.165,28.2775,28.115,16234590
2017-07-14,28.43,28.3,28.46,28.26,13339626
2017-07-17,28.435,28.455,28.515,28.38,19523670
2017-07-18,28.565,28.38,28.565,28.31,19802108
2017-07-19,28.71,28.61,28.735,28.585,13326996
2017-07-20,28.77,28.79,28.8,28.605,20373540
2017-07-21,28.735,28.645,28.74,28.615,11823908
2017-07-24,28.805,28.72,28.83,28.66,10718204
2017-07-25,28.75,28.715,28.8075,28.625,13717492
2017-07-26,28.86,28.905,28.91,28.765,21138080
2017-07-27,28.75,29.065,29.1,28.395,46034840
2017-07-28,28.72,28.605,28.775,28.58,20586160
2017-07-31,28.58,28.765,28.83,28.55,21880140
2017-08-01,28.725,28.725,28.75,28.62,16592728
2017-08-02,28.805,29.02,29.025,28.625,25133100
2017-08-03,28.74,28.845,28.845,28.6525,21375680
2017-08-04,28.805,28.8,28.8925,28.74,9492772
2017-08-07,28.98,28.845,28.98,28.8325,15304884
2017-08-08,28.94,28.94,29.165,28.86,20814780
2017-08-09,28.925,28.755,28.945,28.74,13932056
2017-08-10,28.355,28.77,28.8,28.3375,29530400
2017-08-11,28.55,28.4,28.6425,28.365,29935020
2017-08-14,29.005,28.81,29.045,28.75,19494332
2017-08-15,29.05,29.065,29.1125,28.96,14080356
2017-08-16,29.135,29.095,29.24,29.04,18064096
2017-08-17,28.565,29.025,29.07,28.565,25937460
2017-08-18,28.535,28.565,28.735,28.425,33337460
2017-08-21,28.525,28.555,28.585,28.335,15957242
2017-08-22,28.95,28.675,28.97,28.655,16843658
2017-08-23,28.88,28.79,28.9575,28.78,17809212
2017-08-24,28.855,28.95,28.9781,28.71,16187744
2017-08-25,28.85,28.95,29.035,28.79,16637502
2017-08-28,28.905,28.92,28.9575,28.825,11937662
2017-08-29,29.03,28.67,29.0675,28.635,17331084
2017-08-30,29.24,29.06,29.26,28.9925,15272770
2017-08-31,29.415,29.31,29.465,29.275,18823486
2017-09-01,29.39,29.49,29.515,29.3525,12012352
2017-09-05,29.13,29.305,29.3575,28.935,23779080
2017-09-06,29.155,29.22,29.26,29.03,18188968
2017-09-07,29.255,29.25,29.315,29.145,15387618
2017-09-08,29.015,29.21,29.25,28.9925,12502982
2017-09-11,29.425,29.245,29.455,29.245,14056922
2017-09-12,29.495,29.51,29.55,29.36,15679578
2017-09-13,29.455,29.46,29.465,29.34,16256570
2017-09-14,29.355,29.345,29.4875,29.29,15206190
2017-09-15,29.37,29.225,29.395,29.175,26227640
2017-09-18,29.395,29.415,29.5025,29.285,20822920
2017-09-19,29.525,29.44,29.585,29.365,11231864
2017-09-20,29.405,29.52,29.53,29.2,17901644
2017-09-21,29.245,29.395,29.395,29.15,16105052
2017-09-22,29.26,29.15,29.3,29.135,9649604
2017-09-25,28.915,29.165,29.165,28.785,27131800
2017-09-26,29.02,29.07,29.14,28.93,18106628
2017-09-27,29.315,29.15,29.405,29.105,15270956
2017-09-28,29.35,29.24,29.3625,29.18,11178474
2017-09-29,29.55,29.4,29.575,29.365,24854480
2017-10-02,29.595,29.625,29.6886,29.4505,15102784
2017-10-03,29.665,29.62,29.6775,29.585,12932442
2017-10-04,29.645,29.615,29.69,29.515,13274790
2017-10-05,29.93,29.735,29.935,29.72,12821784
2017-10-06,29.975,29.83,29.99,29.82,11852684
2017-10-09,30.05,30.02,30.115,30.0,13871544
2017-10-10,30.08,30.145,30.17,29.925,10936484
2017-10-11,30.18,30.04,30.19,30.04,9961538
2017-10-12,30.105,30.11,30.25,30.07,12212590
2017-10-13,30.25,30.215,30.3025,30.215,11899812
2017-10-16,30.36,30.325,30.365,30.255,16612714
2017-10-17,30.36,30.35,30.36,30.26,10263346
2017-10-18,30.435,30.45,30.475,30.34,12182634
2017-10-19,30.345,30.305,30.38,30.145,13745128
2017-10-20,30.55,30.53,30.585,30.48,14813166
2017-10-23,30.405,30.6,30.625,30.37,14109944
2017-10-24,30.49,30.465,30.54,30.3655,16061244
2017-10-25,30.325,30.42,30.51,30.125,18440826
2017-10-26,30.45,30.5,30.58,30.4275,18870778
2017-10-27,31.27,30.94,31.355,30.94,29048920
2017-10-30,31.34,31.28,31.46,31.2217,17148916
2017-10-31,31.475,31.46,31.5378,31.335,20188540
2017-11-01,31.48,31.625,31.665,31.315,19086628
2017-11-02,31.495,31.48,31.525,31.255,20445240
2017-11-03,31.745,31.66,31.775,31.475,15319108
2017-11-06,31.815,31.725,31.825,31.705,11973900
2017-11-07,31.83,31.85,31.86,31.6975,11550296
2017-11-08,32.005,31.83,32.01,31.7425,18200524
2017-11-09,31.75,31.76,31.805,31.43,20490060
2017-11-10,31.75,31.71,31.775,31.6325,11965008
2017-11-13,31.74,31.63,31.78,31.625,8589794
2017-11-14,31.675,31.645,31.71,31.4975,14725294
2017-11-15,31.44,31.52,31.5633,31.3525,16982452
2017-11-16,31.88,31.67,31.945,31.67,15280146
2017-11-17,31.675,31.835,31.86,31.6525,16604180
2017-11-20,31.795,31.75,31.82,31.705,13151272
2017-11-21,32.13,31.92,32.15,31.895,16347606
2017-11-22,32.07,32.13,32.14,32.015,24231440
2017-11-24,32.25,32.12,32.265,32.11,8678154
2017-11-27,32.25,32.195,32.2925,32.14,13778318
2017-11-28,32.355,32.3,32.385,32.17,22616440
2017-11-29,31.64,32.3,32.305,31.42,67276740
2017-11-30,31.92,31.78,32.005,31.665,42093160
2017-12-01,31.755,31.725,31.915,31.295,38419020
2017-12-04,31.245,31.955,31.97,31.215,33592940
2017-12-05,31.255,31.19,31.615,31.055,27833720
2017-12-06,31.455,31.13,31.5225,31.0525,26524580
2017-12-07,31.65,31.475,31.7099,31.455,23371000
2017-12-08,31.8,31.86,31.955,31.7225,20118040
2017-12-11,32.075,31.785,32.075,31.765,22649220
2017-12-12,32.065,32.055,32.18,31.9345,16793802
2017-12-13,32.075,32.175,32.23,32.035,20710280
2017-12-14,32.035,32.115,32.2125,32.02,21890280
2017-12-15,32.28,32.015,32.325,31.935,42610420
2017-12-18,32.565,32.51,32.6,32.455,21521540
2017-12-19,32.365,32.5,32.52,32.285,23949320
2017-12-20,32.355,32.505,32.505,32.2,17930302
2017-12-21,32.29,32.41,32.465,32.258,31883700
2017-12-22,32.27,32.235,32.2975,32.185,10971356
2017-12-26,32.055,32.07,32.09,31.9375,12438300
2017-12-27,32.09,32.06,32.15,32.035,10693626
2017-12-28,32.145,32.185,32.205,32.09,19316182
2017-12-29,31.975,32.165,32.175,31.95,13386376
2018-01-02,32.37,32.105,32.37,32.025,27435900
2018-01-03,32.64,32.43,32.66,32.395,22663380
2018-01-04,32.805,32.77,32.89,32.695,21492980
2018-01-05,33.15,32.975,33.18,32.91,19353930
2018-01-08,33.275,33.135,33.335,33.115,13453180
2018-01-09,33.19,33.34,33.35,33.135,21212600
2018-01-10,33.075,33.01,33.085,32.915,20794720
2018-01-11,33.21,33.15,33.225,33.07,15763266
2018-01-12,33.405,33.17,33.45,33.125,16297432
2018-01-16,33.275,33.61,33.7275,33.1875,36403000
2018-01-17,33.775,33.465,33.805,33.355,29376120
2018-01-18,33.835,33.775,33.9225,33.745,29845240
2018-01-19,33.9,33.9,33.955,33.725,23265160
2018-01-22,34.23,33.875,34.235,33.8055,18002160
2018-01-23,34.38,34.34,34.45,34.27,20456740
2018-01-24,34.115,34.47,34.53,34.0,36980660
2018-01-25,34.055,34.33,34.36,33.97,25840660
2018-01-26,34.595,34.29,34.595,34.215,20095280
2018-01-29,34.28,34.495,34.495,34.235,55163400
2018-01-30,33.97,34.0,34.17,33.8804,29662020
2018-01-31,34.225,34.17,34.2775,34.0,30665300
2018-02-01,34.255,34.1,34.4925,34.095,32623100
2018-02-02,33.24,33.87,33.9,33.235,43915880
2018-02-05,31.85,32.885,33.5075,31.835,89544640
2018-02-06,32.765,31.42,32.8175,31.24,90248960
2018-02-07,32.345,32.685,33.02,32.345,47422320
2018-02-08,31.005,32.435,32.495,30.995,55577420
2018-02-09,31.765,31.505,31.995,30.4855,72697840
2018-02-12,32.335,32.105,32.535,31.87,35629060
2018-02-13,32.415,32.15,32.495,32.0575,19080690
2018-02-14,33.01,32.235,33.0625,32.215,32117480
2018-02-15,33.64,33.325,33.64,32.935,24260400
2018-02-16,33.59,33.54,33.9495,33.505,20334240
2018-02-20,33.62,33.42,33.885,33.385,33778320
2018-02-21,33.405,33.75,34.0325,33.4,29099860
2018-02-22,33.445,33.52,33.7475,33.35,21925520
2018-02-23,34.145,33.72,34.145,33.64,20771680
2018-02-26,34.68,34.29,34.68,34.29,21590380
2018-02-27,34.33,34.695,34.8525,34.33,25580180
2018-02-28,34.085,34.525,34.67,34.08,30462500
2018-03-01,33.52,34.165,34.295,33.265,42922260
2018-03-02,33.84,33.14,33.9075,33.05,38391960
2018-03-05,34.185,33.68,34.3,33.605,21776860
2018-03-06,34.26,34.38,34.425,34.1088,20112880
2018-03-07,34.45,34.005,34.485,34.005,22218600
2018-03-08,34.6,34.555,34.63,34.385,15233480
2018-03-09,35.255,34.845,35.255,34.8,24673300
2018-03-12,35.365,35.36,35.505,35.265,27010380
2018-03-13,34.96,35.545,35.67,34.84,27576860
2018-03-14,34.93,35.135,35.165,34.755,27762300
2018-03-15,34.95,34.94,35.155,34.78,23002880
2018-03-16,34.805,34.9,35.025,34.76,24392780
2018-03-19,34.115,34.48,34.535,33.835,39397460
2018-03-20,34.1,34.03,34.2287,33.91,18748372
2018-03-21,33.895,34.025,34.345,33.8025,21826920
2018-03-22,33.02,33.485,33.68,32.995,42327340
2018-03-23,32.14,33.0,33.145,32.125,41900960
2018-03-26,33.36,32.795,33.405,32.34,50237900
2018-03-27,32.29,33.565,33.585,32.04,59487300
2018-03-28,32.075,32.215,32.6025,31.885,53621500
2018-03-29,32.71,32.305,33.035,32.08,35867340
2018-04-02,31.93,32.58,32.725,31.575,51419260
2018-04-03,32.245,32.17,32.32,31.705,36068400
2018-04-04,32.695,31.655,32.785,31.585,35775100
2018-04-05,32.83,32.995,33.045,32.61,32734040
2018-04-06,32.025,32.49,32.79,31.885,39961780
2018-04-09,32.275,32.26,32.905,32.2325,21859340
2018-04-10,33.07,32.785,33.205,32.605,32233020
2018-04-11,32.875,32.865,33.17,32.82,17315008
2018-04-12,33.27,33.08,33.415,33.0374,21233560
2018-04-13,33.16,33.5,33.515,33.0,22416980
2018-04-16,33.415,33.39,33.54,33.195,19476356
2018-04-17,34.035,33.71,34.145,33.65,30442760
2018-04-18,33.945,34.0,34.075,33.74,19764416
2018-04-19,33.57,33.73,33.765,33.4475,25811440
2018-04-20,33.105,33.47,33.495,32.9625,32475560
2018-04-23,32.985,33.23,33.325,32.83,37919380
2018-04-24,32.41,33.175,33.23,32.175,33014860
2018-04-25,32.415,32.46,32.525,32.0,30577860
2018-04-26,33.005,32.82,33.135,32.685,33085660
2018-04-27,32.945,33.335,33.36,32.77,26312960
2018-04-30,32.73,33.03,33.2325,32.6875,17371230
2018-05-01,33.14,32.685,33.16,32.605,18546674
2018-05-02,33.105,33.35,33.475,33.045,26385000
2018-05-03,33.18,32.955,33.3075,32.6625,31090240
2018-05-04,33.81,33.055,33.87,33.015,21682420
2018-05-07,34.045,33.97,34.2025,33.915,26919020
2018-05-08,34.12,33.99,34.15,33.835,30294860
2018-05-09,34.54,34.205,34.54,34.095,28826320
2018-05-10,34.99,34.7,35.015,34.665,23131500
2018-05-11,34.94,34.955,35.075,34.825,17521198
2018-05-14,34.935,35.055,35.21,34.8975,20213440
2018-05-15,34.605,34.69,34.722,34.425,28525180
2018-05-16,34.76,34.66,34.84,34.58,13360960
2018-05-17,34.58,34.635,34.87,34.4375,21579900
2018-05-18,34.435,34.465,34.62,34.405,15760824
2018-05-21,34.735,34.75,34.9025,34.56,22451320
2018-05-22,34.685,34.905,34.955,34.61,14781594
2018-05-23,34.94,34.4,34.94,34.395,29370480
2018-05-24,34.9,34.93,34.97,34.549,22400320
2018-05-25,34.875,34.925,35.0,34.79,18782710
2018-05-29,34.685,34.7,34.88,34.455,58619580
2018-05-30,34.94,34.86,34.985,34.7595,19930280
2018-05-31,34.95,34.94,35.18,34.87,30567860
2018-06-01,35.545,35.185,35.55,35.125,25445780
2018-06-04,35.83,35.635,35.865,35.6,19853352
2018-06-05,35.955,35.92,36.02,35.82,34548440
2018-06-06,36.19,36.015,36.19,35.83,35372640
2018-06-07,35.9,36.17,36.17,35.64,39047260
2018-06-08,35.84,35.63,35.9025,35.555,19809558
2018-06-11,35.88,35.86,35.995,35.78,14646410
2018-06-12,36.055,35.945,36.0825,35.885,15626496
2018-06-13,35.87,36.055,36.215,35.855,29278060
2018-06-14,36.125,36.01,36.2125,35.955,22650720
2018-06-15,35.86,35.87,35.915,35.645,33631940
2018-06-18,35.9,35.61,35.925,35.5,16580110
2018-06-19,35.715,35.46,35.73,35.26,25913320
2018-06-20,35.79,35.8,35.96,35.75,22931220
2018-06-21,35.515,35.93,35.95,35.4325,29541460
2018-06-22,35.4,35.605,35.615,35.2555,31465880
2018-06-25,34.665,35.115,35.15,34.3625,36019900
2018-06-26,34.805,34.775,35.0325,34.69,27719040
2018-06-27,34.33,34.915,35.075,34.32,44109020
2018-06-28,34.75,34.285,34.865,34.285,35560360
2018-06-29,34.735,34.885,35.0325,34.715,20019220
2018-07-02,35.045,34.435,35.055,34.385,25083480
2018-07-03,34.63,35.15,35.175,34.605,12722822
2018-07-05,35.12,34.845,35.14,34.745,27254220
2018-07-06,35.53,35.14,35.585,35.055,25603880
2018-07-09,35.8,35.72,35.81,35.535,17440974
2018-07-10,35.885,35.805,35.985,35.805,22735460
2018-07-11,35.745,35.63,35.885,35.575,25949740
2018-07-12,36.31,35.9,36.33,35.86,23703900
2018-07-13,36.27,36.315,36.36,36.1516,18516886
2018-07-16,36.185,36.28,36.355,36.115,13330772
2018-07-17,36.455,35.925,36.515,35.905,14890182
2018-07-18,36.395,36.445,36.45,36.265,14045642
2018-07-19,36.265,36.305,36.445,36.2,14900696
2018-07-20,36.275,36.405,36.475,36.23,14438572
2018-07-23,36.46,36.2,36.48,36.0575,25148780
2018-07-24,36.66,36.825,36.968,36.5075,21551500
2018-07-25,37.12,36.67,37.12,36.615,30119340
2018-07-26,36.55,36.485,36.67,36.42,25091320
2018-07-27,35.925,36.595,36.62,35.7,63550160
2018-07-30,35.365,35.905,35.96,35.16,35694500
2018-07-31,35.46,35.475,35.69,35.2625,29950780
2018-08-01,35.78,35.715,35.895,35.585,29322780
2018-08-02,36.23,35.45,36.275,35.45,26209480
2018-08-03,36.36,36.24,36.36,36.075,14491388
2018-08-06,36.555,36.345,36.575,36.2575,15000384
2018-08-07,36.695,36.685,36.8225,36.63,20545280
2018-08-08,36.795,36.675,36.865,36.58,14197198
2018-08-09,36.81,36.83,36.95,36.78,23446200
2018-08-10,36.515,36.535,36.69,36.41,23138260
2018-08-13,36.465,36.57,36.85,36.455,24128740
2018-08-14,36.69,36.59,36.7331,36.385,18359070
2018-08-15,36.36,36.46,36.595,36.075,35581400
2018-08-16,36.52,36.64,36.74,36.44,18208798
2018-08-17,36.575,36.41,36.675,36.29,18048104
2018-08-20,36.52,36.66,36.67,36.375,21207140
2018-08-21,36.58,36.62,36.81,36.535,15990466
2018-08-22,36.69,36.47,36.745,36.415,12742488
2018-08-23,36.77,36.625,36.97,36.625,18734918
2018-08-24,37.14,36.87,37.15,36.865,13115214
2018-08-27,37.48,37.34,37.5,37.24,16407846
2018-08-28,37.545,37.555,37.6275,37.44,14770422
2018-08-29,37.885,37.59,37.91,37.585,22364640
2018-08-30,37.77,37.78,38.015,37.655,21040560
2018-08-31,37.8,37.735,37.9,37.67,20535860
2018-09-04,37.655,37.625,37.71,37.4,22146940
2018-09-05,37.185,37.605,37.635,36.995,32852600
2018-09-06,36.915,37.13,37.21,36.625,27957560
2018-09-07,36.79,36.675,37.085,36.635,28461920
2018-09-10,36.905,36.925,36.975,36.7025,33308960
2018-09-11,37.22,36.8,37.3,36.71,27187940
2018-09-12,37.065,37.14,37.145,36.765,32536460
2018-09-13,37.5,37.295,37.595,37.285,25454880
2018-09-14,37.47,37.535,37.6325,37.3,18876912
2018-09-17,37.0,37.415,37.48,36.96,29584120
2018-09-18,37.235,36.955,37.415,36.955,19301176
2018-09-19,37.14,37.23,37.355,36.93,20870520
2018-09-20,37.58,37.36,37.6175,37.245,27243100
2018-09-21,37.305,37.595,37.655,37.29,45960860
2018-09-24,37.49,37.125,37.495,36.98,34513520
2018-09-25,37.445,37.445,37.521,37.29,21099300
2018-09-26,37.305,37.485,37.65,37.24,26640620
2018-09-27,37.525,37.44,37.6275,37.44,28466380
2018-09-28,37.665,37.42,37.7,37.4,23420240
2018-10-01,37.845,37.905,37.9975,37.73,20667880
2018-10-02,37.85,37.8,38.065,37.68,28013900
2018-10-03,37.965,37.98,38.1325,37.8925,26584700
2018-10-04,37.28,37.78,37.81,37.035,46582840
2018-10-05,36.81,37.265,37.38,36.4522,44576980
2018-10-08,36.395,36.635,36.7475,35.9775,39937700
2018-10-09,36.525,36.38,36.74,36.3025,30276920
2018-10-10,34.755,36.305,36.31,34.73,88155600
2018-10-11,34.315,34.655,35.245,34.035,136534880
2018-10-12,35.415,35.285,35.5275,34.725,71807140
2018-10-15,34.835,35.285,35.315,34.815,38299240
2018-10-16,35.885,35.275,36.0,35.19,41995360
2018-10-17,35.72,35.93,35.955,35.4,48329760
2018-10-18,35.02,35.56,35.585,34.81,45920340
2018-10-19,35.005,35.225,35.605,34.875,44279340
2018-10-22,35.295,35.17,35.525,34.96,31961820
2018-10-23,35.16,34.56,35.345,34.21,48119460
2018-10-24,33.585,35.07,35.155,33.545,68305240
2018-10-25,34.74,34.065,34.92,34.01,46702760
2018-10-26,34.045,33.875,34.665,33.555,85487180
2018-10-29,33.47,34.515,34.76,32.795,68100000
2018-10-30,33.845,33.44,33.9625,33.155,61121540
2018-10-31,34.65,34.35,34.925,34.335,42288280
2018-11-01,35.055,34.7,35.08,34.405,31075000
2018-11-02,34.37,34.785,34.99,34.08,40390400
2018-11-05,34.335,34.35,34.405,33.84,28416420
2018-11-06,34.55,34.305,34.715,34.275,18267528
2018-11-07,35.565,34.95,35.565,34.905,32627200
2018-11-08,35.535,35.43,35.58,35.31,20819460
2018-11-09,34.92,35.23,35.26,34.625,25883620
2018-11-12,33.69,34.6,34.66,33.65,32858700
2018-11-13,33.73,33.77,34.31,33.63,31404400
2018-11-14,33.325,34.105,34.175,33.1533,38978360
2018-11-15,34.16,33.38,34.24,33.185,52598700
2018-11-16,34.105,33.76,34.31,33.69,35945440
2018-11-19,32.805,33.945,33.98,32.715,38387020
2018-11-20,32.1,31.89,32.535,31.69,56126040
2018-11-21,32.335,32.535,32.665,32.2,33005360
2018-11-23,32.04,31.99,32.395,31.9733,10676228
2018-11-26,32.765,32.46,32.765,32.2875,25045180
2018-11-27,32.83,32.54,32.88,32.35,23076360
2018-11-28,33.98,33.16,33.98,33.035,33190620
2018-11-29,33.65,33.875,33.925,33.47,28228480
2018-11-30,33.97,33.67,33.995,33.505,33015740
2018-12-03,34.72,34.82,34.855,34.345,32461820
2018-12-04,33.405,34.475,34.55,33.325,41978500
2018-12-06,33.48,32.62,33.48,32.455,43155800
2018-12-07,32.3,33.32,33.4725,32.15,39874920
2018-12-10,32.745,32.12,32.87,31.935,40895120
2018-12-11,32.785,33.255,33.3181,32.52,31626300
2018-12-12,33.04,33.315,33.56,33.025,33857620
2018-12-13,33.095,33.2,33.445,32.905,25638680
2018-12-14,32.285,32.7,32.88,32.255,31032420
2018-12-17,31.6,32.165,32.385,31.345,46522120
2018-12-18,31.85,31.845,32.125,31.595,39234100
2018-12-19,31.22,31.805,32.37,30.88,67169800
2018-12-20,30.66,31.085,31.4,30.215,78956300
2018-12-21,29.6,30.535,30.91,29.47,81626300
2018-12-24,28.81,29.32,29.68,28.785,42234040
2018-12-26,30.55,29.01,30.55,28.845,58119920
2018-12-27,30.77,30.125,30.78,29.5419,46677440
2018-12-28,30.7,30.995,31.2109,30.435,39685440
2018-12-31,30.99,30.965,31.105,30.73,33720060
2019-01-02,31.01,30.355,31.195,30.315,30724200
2019-01-03,29.445,30.22,30.24,29.405,49857280
2019-01-04,30.75,29.985,30.879,29.89,41535540
2019-01-07,31.025,30.75,31.235,30.68,23817280
2019-01-08,31.285,31.325,31.435,30.915,26003020
2019-01-09,31.69,31.455,31.855,31.42,28044760
2019-01-10,31.83,31.44,31.845,31.295,21868160
2019-01-11,31.77,31.645,31.7875,31.575,15429612
2019-01-14,31.475,31.49,31.585,31.365,14483782
2019-01-15,31.95,31.575,32.015,31.52,28653740
2019-01-16,31.98,31.985,32.175,31.92,18937032
2019-01-17,32.185,31.865,32.37,31.78,20256360
2019-01-18,32.675,32.505,32.74,32.295,27236760
2019-01-22,32.125,32.41,32.465,31.87,29982380
2019-01-23,32.235,32.26,32.4975,31.875,19152140
2019-01-24,32.505,32.35,32.62,32.335,28339600
2019-01-25,32.965,32.75,33.0625,32.63,20043160
2019-01-28,32.525,32.475,32.535,32.255,19324736
2019-01-29,32.175,32.59,32.595,32.125,17143218
2019-01-30,33.175,32.71,33.27,32.565,33218040
2019-01-31,33.14,33.005,33.32,32.9,36499720
2019-02-01,33.335,33.155,33.515,33.105,19475592
2019-02-04,33.87,33.38,33.875,33.355,15202606
2019-02-05,34.155,33.985,34.24,33.945,24121120
2019-02-06,34.27,34.195,34.365,34.0625,20379300
2019-02-07,33.8,33.955,34.1,33.57,29264060
2019-02-08,33.995,33.495,33.995,33.475,16977496
2019-02-11,33.98,34.1,34.205,33.9,14858198
2019-02-12,34.43,34.215,34.4736,34.165,19402484
2019-02-13,34.475,34.6,34.725,34.455,18237282
2019-02-14,34.535,34.345,34.6575,34.32,19483922
2019-02-15,34.81,34.795,34.845,34.615,14709190
2019-02-19,34.82,34.67,34.925,34.635,16638226
2019-02-20,34.86,34.85,35.0025,34.675,19704164
2019-02-21,34.875,34.775,35.0125,34.66,19508110
2019-02-22,35.32,35.035,35.34,35.025,24493280
2019-02-25,35.49,35.585,35.735,35.465,40341000
2019-02-26,35.565,35.365,35.665,35.335,28267920
2019-02-27,35.53,35.43,35.575,35.165,19555064
2019-02-28,35.43,35.4,35.565,35.34,18876662
2019-03-01,35.67,35.71,35.765,35.385,24668000
2019-03-04,35.535,35.82,35.9075,35.14,31638540
2019-03-05,35.43,35.515,35.56,35.32,17907466
2019-03-06,35.245,35.405,35.445,35.2,26238840
2019-03-07,34.91,35.145,35.175,34.795,36996520
2019-03-08,34.905,34.49,34.935,34.42,25781420
2019-03-11,35.655,35.03,35.6875,35.03,29153420
2019-03-12,35.865,35.755,35.9875,35.645,36101240
2019-03-13,36.1,36.02,36.3125,36.0,35667260
2019-03-14,36.175,36.16,36.285,36.0726,21313180
2019-03-15,36.495,36.185,36.66,36.16,42048920
2019-03-18,36.65,36.52,36.745,36.4225,29675280
2019-03-19,36.725,36.8,36.9,36.58,32194980
2019-03-20,36.625,36.685,36.925,36.405,27408580
2019-03-21,37.545,36.63,37.625,36.6225,54544000
2019-03-22,36.66,37.35,37.505,36.6425,53492900
2019-03-25,36.5,36.54,36.745,36.265,43888300
2019-03-26,36.7,36.82,37.055,36.4875,27930120
2019-03-27,36.49,36.755,36.895,36.17,31650620
2019-03-28,36.64,36.6,36.79,36.415,21072800
2019-03-29,37.0,36.945,37.015,36.765,28694360
2019-04-01,37.505,37.36,37.55,37.15,25174020
2019-04-02,37.635,37.535,37.685,37.42,23574160
2019-04-03,37.94,37.86,38.13,37.79,27737820
2019-04-04,37.78,37.925,38.025,37.555,23005900
2019-04-05,37.96,37.905,38.0,37.8421,13419532
2019-04-08,38.105,37.87,38.125,37.71,14619222
2019-04-09,37.925,37.94,38.0775,37.84,26878540
2019-04-10,38.19,37.96,38.2,37.94,17226106
2019-04-11,38.14,38.27,38.28,38.06,15394114
2019-04-12,38.405,38.355,38.405,38.14,17110072
2019-04-15,38.39,38.405,38.5,38.185,19821354
2019-04-16,38.585,38.51,38.625,38.4,19218614
2019-04-17,38.8,38.83,38.85,38.61,24493540
2019-04-18,38.91,38.885,38.92,38.62,22983800
2019-04-22,39.0,38.73,39.015,38.695,16158994
2019-04-23,39.425,39.06,39.475,39.02,33384300
2019-04-24,39.44,39.455,39.62,39.38,21874380
2019-04-25,39.43,39.62,39.73,39.22,22758400
2019-04-26,39.28,39.19,39.29,38.8625,22099360
2019-04-29,39.29,39.285,39.4149,39.245,21226320
2019-04-30,39.355,39.27,39.41,39.0517,37666980
2019-05-01,39.255,39.75,39.85,39.25,30893660
2019-05-02,39.05,39.245,39.5275,38.84,49977500
2019-05-03,39.42,39.19,39.455,39.135,26576840
2019-05-06,39.115,38.48,39.18,38.33,26044960
2019-05-07,38.275,38.675,38.825,37.925,41251420
2019-05-08,38.23,38.15,38.56,38.085,27334940
2019-05-09,37.97,37.755,38.095,37.33,38601820
2019-05-10,38.09,37.725,38.26,37.1824,39192600
2019-05-13,36.655,37.015,37.235,36.55,50922420
2019-05-14,37.245,36.84,37.475,36.81,36808560
2019-05-15,37.65,36.985,37.765,36.925,30097760
2019-05-16,37.995,37.675,38.27,37.625,30889960
2019-05-17,37.69,37.605,38.2,37.6,27088000
2019-05-20,37.035,37.055,37.345,36.8525,29349220
2019-05-21,37.49,37.425,37.61,37.34,29682260
2019-05-22,37.295,37.245,37.52,37.225,23042160
2019-05-23,36.64,36.79,36.81,36.3702,32171400
2019-05-24,36.65,36.84,37.03,36.61,23500040
2019-05-28,36.545,36.765,37.0,36.525,51545540
2019-05-29,36.33,36.275,36.505,36.085,29509620
2019-05-30,36.555,36.415,36.6275,36.305,22841060
2019-05-31,35.945,36.115,36.285,35.93,24079560
2019-06-03,35.315,36.0,36.2,35.0725,39407400
2019-06-04,36.495,35.765,36.495,35.5825,30192340
2019-06-05,36.97,36.98,37.055,36.55,28791680
2019-06-06,37.4,37.07,37.475,36.8975,23844920
2019-06-07,38.095,37.595,38.3176,37.52,23984140
2019-06-10,38.485,38.37,38.845,38.37,26927560
2019-06-11,38.485,38.875,38.915,38.265,23100260
2019-06-12,38.27,38.3,38.4025,38.18,15193886
2019-06-13,38.385,38.405,38.52,38.245,19735522
2019-06-14,38.05,38.035,38.175,37.885,16883378
2019-06-17,38.08,38.075,38.2675,37.995,18702260
2019-06-18,38.77,38.485,38.96,38.365,32362360
2019-06-19,38.91,38.87,39.01,38.605,24742580
2019-06-20,39.48,39.48,39.61,39.1493,27783800
2019-06-21,39.155,39.195,39.495,39.14,41430740
2019-06-24,39.23,39.225,39.3575,39.17,16432236
2019-06-25,38.51,39.21,39.245,38.4625,26245340
2019-06-26,38.925,38.885,39.1975,38.875,18138362
2019-06-27,39.025,39.055,39.16,38.94,13675232
2019-06-28,39.02,39.145,39.19,38.9,35566720
2019-07-01,39.64,39.915,39.965,39.475,28581420
2019-07-02,39.745,39.62,39.77,39.53,15568960
2019-07-03,40.05,39.845,40.05,39.765,10683544
2019-07-05,39.975,39.725,40.045,39.58,11848254
2019-07-08,39.67,39.665,39.7175,39.4851,14919874
2019-07-09,39.81,39.465,39.84,39.405,18499652
2019-07-10,40.125,40.03,40.365,39.9975,20217880
2019-07-11,40.275,40.225,40.4275,40.14,22704840
2019-07-12,40.57,40.4,40.595,40.33,15506842
2019-07-15,40.705,40.68,40.755,40.59,12572252
2019-07-16,40.325,40.655,40.66,40.255,16011988
2019-07-17,40.22,40.4,40.49,40.215,13416000
2019-07-18,40.52,40.13,40.58,40.1,16044786
2019-07-19,40.345,40.925,40.94,40.295,23359480
2019-07-22,40.81,40.5,40.9085,40.495,13849326
2019-07-23,41.035,41.045,41.075,40.73,11011016
2019-07-24,41.375,40.98,41.39,40.98,18514202
2019-07-25,41.205,41.285,41.285,40.9854,19846740
2019-07-26,41.295,41.225,41.375,41.185,22240320
2019-07-29,41.27,41.315,41.34,40.95,16946438
2019-07-30,41.005,40.985,41.1825,40.895,14733898
2019-07-31,40.385,41.225,41.27,39.9601,33738500
2019-08-01,40.18,40.455,41.31,39.98,57666020
2019-08-02,39.525,39.855,39.87,39.165,44743900
2019-08-05,37.875,38.47,38.525,37.57,55653120
2019-08-06,38.505,38.385,38.645,38.065,38301880
2019-08-07,38.745,38.065,38.85,37.855,41164840
2019-08-08,39.695,39.055,39.705,38.955,31983160
2019-08-09,39.245,39.46,39.5695,38.945,31145200
2019-08-12,38.73,38.975,39.12,38.55,21786780
2019-08-13,39.7,38.695,39.85,38.61,52165460
2019-08-14,38.48,38.97,39.145,38.38,47138700
2019-08-15,38.41,38.515,38.61,38.085,31337120
2019-08-16,39.14,38.805,39.2214,38.75,21724900
2019-08-19,39.735,39.755,39.855,39.5275,15756480
2019-08-20,39.535,39.685,39.885,39.5125,16675898
2019-08-21,40.0,39.915,40.1,39.82,16806116
2019-08-22,39.905,40.105,40.195,39.55,15188838
2019-08-23,38.585,39.685,40.05,38.425,40798060
2019-08-26,39.12,39.06,39.135,38.795,20717040
2019-08-27,39.06,39.375,39.445,38.835,20066080
2019-08-28,39.095,38.85,39.16,38.57,14279176
2019-08-29,39.775,39.625,39.895,39.485,16242144
2019-08-30,39.765,40.035,40.085,39.48,20150880
2019-09-03,39.28,39.435,39.7843,39.14,23676100
2019-09-04,39.95,39.705,39.97,39.665,15459810
2019-09-05,40.785,40.475,40.95,40.455,20086720
2019-09-06,40.75,40.875,40.895,40.64,18300150
2019-09-09,40.445,40.94,40.96,40.23,25221420
2019-09-10,40.24,40.26,40.26,39.785,19717334
2019-09-11,40.66,40.365,40.67,40.28,18818546
2019-09-12,40.88,40.91,41.21,40.7075,25542040
2019-09-13,40.58,40.815,40.815,40.535,33067100
2019-09-16,40.48,40.245,40.5675,40.205,15451764
2019-09-17,40.645,40.51,40.645,40.4175,15412092
2019-09-18,40.64,40.58,40.67,40.09,17595580
2019-09-19,40.73,40.765,41.09,40.675,16409236
2019-09-20,40.13,40.735,40.755,40.025,30171580
2019-09-23,40.255,40.135,40.375,40.05,15778684
2019-09-24,39.865,40.52,40.675,39.695,35462000
2019-09-25,40.34,39.81,40.45,39.445,23926900
2019-09-26,40.385,40.325,40.525,40.07,18233822
2019-09-27,39.845,40.385,40.47,39.545,25564600
2019-09-30,40.265,40.015,40.36,39.96,22014380
2019-10-01,39.89,40.445,40.715,39.875,22045180
2019-10-02,39.14,39.625,39.635,38.8475,39521140
2019-10-03,39.62,39.125,39.635,38.64,34953060
2019-10-04,40.275,39.9,40.325,39.86,22041280
2019-10-07,40.105,40.14,40.44,40.075,21242300
2019-10-08,39.37,39.845,39.9673,39.365,28962740
2019-10-09,39.955,39.78,40.1025,39.72,20557840
2019-10-10,40.23,39.915,40.39,39.885,18960074
2019-10-11,40.785,40.725,41.145,40.66,31993120
2019-10-14,40.76,40.745,40.93,40.74,11332848
2019-10-15,41.21,40.925,41.31,40.885,16238006
2019-10-16,40.925,40.985,41.0031,40.7726,20251060
2019-10-17,40.845,41.065,41.18,40.63,13732406
2019-10-18,40.455,40.785,40.8475,40.19,17452630
2019-10-21,40.89,40.695,40.91,40.55,12690960
2019-10-22,40.34,40.97,41.115,40.31,18470442
2019-10-23,40.375,40.215,40.38,40.13,17907750
2019-10-24,40.965,40.805,41.0,40.6525,14617368
2019-10-25,41.46,40.965,41.51,40.94,16305452
2019-10-28,41.985,41.825,42.005,41.805,14459712
2019-10-29,41.605,41.95,42.025,41.59,15520884
2019-10-30,41.86,41.73,41.91,41.45,25558680
2019-10-31,41.835,41.925,41.97,41.565,22461780
2019-11-01,42.335,41.975,42.335,41.91,19841184
2019-11-04,42.555,42.66,42.685,42.465,20363120
2019-11-05,42.505,42.675,42.69,42.36,15799696
2019-11-06,42.485,42.5,42.5225,42.27,17077226
2019-11-07,42.82,42.77,43.06,42.7,28084940
2019-11-08,43.06,42.71,43.06,42.54,12573160
2019-11-11,43.08,42.815,43.14,42.76,8488164
2019-11-12,43.225,43.14,43.385,43.035,16563094
2019-11-13,43.32,43.055,43.36,43.045,15372384
2019-11-14,43.27,43.15,43.305,43.03,12182884
2019-11-15,43.62,43.575,43.62,43.44,14124992
2019-11-18,43.75,43.605,43.8143,43.44,13024702
2019-11-19,43.835,43.925,43.9634,43.675,14087364
2019-11-20,43.57,43.735,43.8625,43.2413,24759800
2019-11-21,43.35,43.485,43.535,43.26,18755544
2019-11-22,43.295,43.475,43.545,43.1225,11780832
2019-11-25,43.925,43.49,43.925,43.4751,14739762
2019-11-26,43.965,43.95,44.075,43.88,19454646
2019-11-27,44.21,44.1,44.21,43.9675,18698060
2019-11-29,44.08,44.095,44.164,44.005,11360188
2019-12-02,43.45,44.1,44.1,43.26,23174840
2019-12-03,43.065,42.765,43.095,42.58,22502000
2019-12-04,43.24,43.345,43.38,43.175,13830192
2019-12-05,43.4,43.395,43.435,43.1951,15620774
2019-12-06,43.88,43.73,43.92,43.695,18411140
2019-12-09,43.65,43.805,43.945,43.65,11606864
2019-12-10,43.685,43.72,43.915,43.575,12351084
2019-12-11,43.98,43.8,44.0175,43.71,9878936
2019-12-12,44.45,43.855,44.515,43.75,24194740
2019-12-13,44.745,44.405,44.845,44.32,26257320
2019-12-16,45.145,45.085,45.3,45.075,19746972
2019-12-17,45.04,45.225,45.245,44.98,14919346
2019-12-18,45.035,45.095,45.21,45.02,12971666
2019-12-19,45.36,45.065,45.365,45.05,13725718
2019-12-20,45.475,45.48,45.53,45.36,23415820
2019-12-23,45.605,45.615,45.72,45.55,15530364
2019-12-24,45.62,45.685,45.685,45.515,4890728
2019-12-26,45.96,45.715,45.97,45.685,8269296
2019-12-27,45.955,46.145,46.145,45.84,19332400
2019-12-30,45.69,45.945,45.95,45.3375,16491276
2019-12-31,45.835,45.535,45.885,45.475,11603230
2020-01-02,46.695,46.25,46.695,46.16,26577680
2020-01-03,46.17,46.015,46.49,46.01,30024760
2020-01-06,46.28,45.71,46.33,45.625,15631100
2020-01-07,46.26,46.36,46.4875,46.19,15424262
2020-01-08,46.755,46.31,46.96,46.225,23266740
2020-01-09,47.285,47.185,47.315,46.945,15555456
2020-01-10,47.175,47.49,47.5525,47.095,15332050
2020-01-13,47.765,47.39,47.82,47.365,15525896
2020-01-14,47.54,47.825,47.87,47.4625,16137670
2020-01-15,47.595,47.57,47.825,47.4325,14417212
2020-01-16,48.235,47.9,48.245,47.8325,11543136
2020-01-17,48.56,48.46,48.605,48.2,21661520
2020-01-21,48.54,48.41,48.82,48.4,17975052
2020-01-22,48.715,48.845,49.055,48.675,15491816
2020-01-23,48.945,48.765,48.985,48.5562,14956486
2020-01-24,48.715,49.305,49.415,48.545,23617360
2020-01-27,47.555,47.58,47.93,47.355,35574680
2020-01-28,48.465,47.97,48.595,47.87,31184400
2020-01-29,48.59,48.865,48.935,48.3925,21130000
2020-01-30,49.01,48.57,49.055,48.275,19933564
2020-01-31,47.665,48.725,48.75,47.495,26964660
2020-02-03,48.295,47.72,48.4125,47.665,25085660
2020-02-04,49.56,49.135,49.665,49.0125,19097752
2020-02-05,49.85,50.375,50.4,49.49,32697080
2020-02-06,50.305,50.055,50.32,49.83,13505696
2020-02-07,49.845,50.07,50.265,49.7425,16597928
2020-02-10,50.52,49.555,50.53,49.545,16347512
2020-02-11,50.35,50.905,50.95,50.1975,15105774
2020-02-12,50.895,50.695,50.915,50.41,12152776
2020-02-13,50.76,50.495,51.025,50.42,14802860
2020-02-14,50.98,50.86,51.065,50.6975,12392468
2020-02-18,50.79,50.57,50.9,50.515,20636580
2020-02-19,51.395,51.12,51.47,51.085,16615568
2020-02-20,50.86,51.285,51.4075,50.165,26324660
2020-02-21,49.72,50.6,50.645,49.41,29899080
2020-02-24,47.665,47.335,48.355,46.9,42365260
2020-02-25,46.14,48.095,48.27,45.97,62934380
2020-02-26,46.35,46.315,47.3543,46.0005,55759580
2020-02-27,43.85,44.83,45.78,43.82,67825840
2020-02-28,44.185,42.105,44.6025,42.03,111859020
2020-03-02,46.74,44.98,46.75,44.19,70008620
2020-03-03,44.965,47.005,47.33,44.49,94989160
2020-03-04,46.895,45.935,46.91,45.3,44727680
2020-03-05,45.415,45.645,46.5151,45.12,49019020
2020-03-06,44.455,43.895,44.72,43.245,57631860
2020-03-09,41.08,40.79,43.0,40.7503,59119740
2020-03-10,43.82,42.84,43.825,41.31,71164660
2020-03-11,41.75,42.645,42.91,41.155,63346840
2020-03-12,37.675,38.72,40.95,37.5,65490660
2020-03-13,42.095,40.045,42.19,38.1475,65849660
2020-03-16,36.28,35.86,39.605,35.595,81244840
2020-03-17,38.75,37.135,39.22,35.97,100814580
2020-03-18,37.29,36.175,37.9108,35.135,107412420
2020-03-19,37.425,36.945,38.695,36.06,123454120
2020-03-20,35.71,38.13,38.52,35.59,90443980
2020-03-23,35.2,35.345,36.11,34.05,84958320
2020-03-24,38.805,37.33,38.835,37.18,75329040
2020-03-25,38.755,39.1,40.545,38.01,57480860
2020-03-26,41.155,39.245,41.255,39.15,56425860
2020-03-27,39.295,39.88,40.63,39.125,58485440
2020-03-30,40.95,39.82,41.045,39.695,47480140
2020-03-31,40.185,40.855,41.59,39.975,40002160
2020-04-01,38.27,38.795,39.625,37.9825,54984820
2020-04-02,39.165,38.135,39.215,37.98,44223640
2020-04-03,38.56,38.995,39.415,38.075,31571940
2020-04-06,41.85,40.255,42.1225,40.0,35987140
2020-04-07,41.475,43.325,43.34,41.43,44298900
2020-04-08,42.59,42.02,42.7629,41.625,27428660
2020-04-09,42.6,43.095,43.3125,42.2975,39261460
2020-04-13,42.695,42.43,42.755,41.825,25301580
2020-04-14,44.485,43.645,44.565,43.47,31778960
2020-04-15,43.515,43.6,43.87,43.19,25858100
2020-04-16,44.045,44.085,44.155,43.325,23667580
2020-04-17,44.63,44.825,44.835,43.985,28284800
2020-04-20,43.915,44.025,44.6099,43.855,20407020
2020-04-21,42.075,43.295,43.4,41.82,32765100
2020-04-22,43.695,43.095,43.935,42.94,24038140
2020-04-23,43.395,43.795,44.29,43.36,21169700
2020-04-24,44.315,43.575,44.3229,43.2955,16885624
2020-04-27,44.695,44.715,44.845,44.425,15598542
2020-04-28,44.1,45.25,45.28,44.04,25267620
2020-04-29,45.91,45.04,46.0675,44.88,22925860
2020-04-30,45.705,46.005,46.005,45.365,30861280
2020-05-01,44.45,44.7,45.325,44.28,23990620
2020-05-04,45.04,44.245,45.085,44.04,21458060
2020-05-05,45.66,45.555,46.24,45.475,17374664
2020-05-06,46.015,46.1,46.46,45.81,16941012
2020-05-07,46.705,46.64,46.9675,46.57,21091060
2020-05-08,47.39,47.15,47.455,46.875,15224524
2020-05-11,47.705,47.065,47.9845,46.97,20768720
2020-05-12,46.72,47.9,48.035,46.685,27042020
2020-05-13,45.915,46.745,47.1045,45.31,33942780
2020-05-14,46.5,45.595,46.53,45.095,30475200
2020-05-15,46.735,45.765,46.745,45.635,28033420
2020-05-18,47.88,47.655,48.15,47.49,20035320
2020-05-19,47.705,47.9,48.445,47.685,20092700
2020-05-20,48.75,48.365,48.84,48.34,18191988
2020-05-21,48.07,48.7,48.845,48.0425,20581680
2020-05-22,48.245,48.0,48.305,47.805,18490076
2020-05-26,48.195,49.21,49.245,48.1525,26001500
2020-05-27,48.47,48.19,48.49,47.165,38856740
2020-05-28,48.375,48.29,49.26,48.255,21158280
2020-05-29,48.985,48.52,49.1,48.115,35557820
2020-06-01,48.97,48.755,49.0725,48.54,26723360
2020-06-02,49.43,49.07,49.43,48.605,22415300
2020-06-03,49.815,49.63,49.975,49.415,22036520
2020-06-04,49.405,49.62,49.965,49.13,15138880
2020-06-05,50.705,49.755,50.85,49.67,20756300
2020-06-08,50.96,50.615,50.98,50.15,16130418
2020-06-09,51.2,50.705,51.45,50.66,14707730
2020-06-10,52.055,51.57,52.445,51.475,24389600
2020-06-11,49.07,51.15,51.225,49.055,39742040
2020-06-12,49.705,50.385,50.635,48.84,43287000
2020-06-15,50.185,48.8,50.41,48.64,29926360
2020-06-16,51.255,51.385,51.695,50.46,27937800
2020-06-17,51.245,51.545,51.73,51.16,17324252
2020-06-18,51.475,51.15,51.53,51.04,13717188
2020-06-19,51.12,52.095,52.155,50.875,31279960
2020-06-22,51.94,51.045,51.985,50.965,14737958
2020-06-23,52.315,52.405,52.915,52.24,19027988
2020-06-24,51.135,52.1,52.39,50.855,25425680
2020-06-25,51.79,51.21,51.845,50.655,20534460
2020-06-26,50.77,51.69,51.765,50.615,44275540
2020-06-29,51.325,50.765,51.33,50.155,18547202
2020-06-30,52.245,51.33,52.455,51.26,16499918
2020-07-01,52.33,52.28,52.635,52.04,21709140
2020-07-02,52.635,52.825,53.11,52.525,19144662
2020-07-06,53.555,53.315,53.805,53.285,16046258
2020-07-07,52.995,53.495,54.035,52.94,15863566
2020-07-08,53.86,53.415,53.865,53.13,13327056
2020-07-09,54.055,54.3,54.31,53.28,17768454
2020-07-10,54.04,53.93,54.065,53.4,14724584
2020-07-13,52.92,54.5,54.86,52.785,28910420
2020-07-14,53.53,52.5,53.605,51.94,30053140
2020-07-15,53.82,54.02,54.2825,53.19,23779140
2020-07-16,53.155,53.245,53.395,52.7453,17180586
2020-07-17,53.415,53.47,53.565,52.925,12710580
2020-07-20,54.78,53.565,54.91,53.265,17018442
2020-07-21,54.23,55.17,55.19,54.03,18794990
2020-07-22,54.665,54.28,54.8353,54.235,15028070
2020-07-23,53.245,54.375,54.735,53.0025,23349600
2020-07-24,52.6,52.355,52.945,51.735,22911700
2020-07-27,53.43,52.92,53.485,52.815,16907990
2020-07-28,52.805,53.265,53.43,52.765,17825484
2020-07-29,53.57,53.005,53.715,53.005,13187246
2020-07-30,53.87,53.085,53.905,52.8,21556740
2020-07-31,55.215,54.72,55.235,53.8305,25188220
2020-08-03,56.575,55.965,56.755,55.94,24331560
2020-08-04,56.72,56.455,56.725,56.21,17971638
2020-08-05,56.93,56.9,57.06,56.645,12960540
2020-08-06,57.73,56.885,57.785,56.7575,16399336
2020-08-07,56.87,57.5,57.5025,56.42,27476260
2020-08-10,56.71,56.98,57.075,55.9425,16481350
2020-08-11,55.69,56.525,56.765,55.575,18844470
2020-08-12,56.955,56.14,57.103,56.07,14197800
2020-08-13,56.98,57.035,57.455,56.775,11453670
2020-08-14,56.94,57.005,57.105,56.625,8334274
2020-08-17,57.32,57.285,57.45,57.215,8174860
2020-08-18,57.535,57.43,57.69,57.05,8930088
2020-08-19,57.465,57.68,57.935,57.3675,14239416
2020-08-20,58.23,57.25,58.345,57.19,12803080
2020-08-21,58.97,58.285,59.035,58.255,15288690
2020-08-24,59.48,59.82,59.84,58.985,16440598
2020-08-25,59.78,59.345,59.805,59.255,18628254
2020-08-26,60.995,60.405,61.155,60.27,16463080
2020-08-27,61.045,61.25,61.53,60.495,18174292
2020-08-28,61.58,61.285,61.78,61.205,13093342
2020-08-31,61.775,61.825,62.175,61.44,19039960
2020-09-01,62.955,62.33,63.035,61.94,25619960
2020-09-02,63.515,63.855,63.86,62.4051,40394900
2020-09-03,59.895,62.5,62.55,59.4,54161940
2020-09-04,59.06,59.56,60.41,56.525,62544300
2020-09-08,56.39,56.815,58.165,56.29,47860400
2020-09-09,58.23,57.765,58.8,57.135,36783880
2020-09-10,56.915,59.03,59.12,56.57,32109880
2020-09-11,56.48,57.45,57.67,55.76,37166300
2020-09-14,57.665,57.42,57.975,57.15,24730160
2020-09-15,58.235,58.545,58.65,57.8425,18260458
2020-09-16,57.335,58.495,58.575,57.28,19640116
2020-09-17,56.86,55.995,57.255,55.905,30403640
2020-09-18,55.88,56.955,57.055,55.191,41837600
2020-09-21,56.22,54.75,56.245,54.555,38381760
2020-09-22,57.11,56.855,57.255,55.89,25537460
2020-09-23,55.33,57.14,57.195,55.16,23707780
2020-09-24,55.64,54.815,56.33,54.745,31838640
2020-09-25,56.97,55.67,57.14,55.32,19326620
2020-09-28,58.06,57.915,58.065,57.435,17473222
2020-09-29,57.865,57.985,58.23,57.74,24451560
2020-09-30,58.35,57.835,58.945,57.81,22318860
2020-10-01,58.965,59.16,59.24,58.59,27076320
2020-10-02,57.47,57.515,58.47,57.24,37251680
2020-10-05,58.73,57.88,58.765,57.845,12270548
2020-10-06,57.82,58.59,59.145,57.615,26862300
2020-10-07,58.88,58.425,58.995,58.3775,12992426
2020-10-08,59.185,59.395,59.395,58.985,10109506
2020-10-09,60.09,59.465,60.105,59.45,14425330
2020-10-12,61.73,60.975,62.135,60.67,19163762
2020-10-13,61.335,61.93,62.04,61.1,17613868
2020-10-14,61.01,61.485,61.81,60.5544,14555724
2020-10-15,60.735,60.0,60.855,59.84,13187642
2020-10-16,60.56,61.07,61.315,60.505,11544236
2020-10-19,59.45,60.865,61.095,59.265,16616412
2020-10-20,59.655,59.675,60.285,59.29,14566998
2020-10-21,59.565,59.51,60.135,59.43,12171768
2020-10-22,59.285,59.59,59.785,58.605,13486498
2020-10-23,59.22,59.37,59.38,58.725,10313458
2020-10-26,57.935,58.565,59.0325,57.215,18189152
2020-10-27,58.225,58.215,58.4675,57.895,19064726
2020-10-28,55.755,57.12,57.155,55.66,32756680
2020-10-29,56.685,55.97,57.34,55.935,19408938
2020-10-30,55.43,55.89,56.24,54.785,25850200
2020-11-02,55.57,55.855,56.31,55.04,24039720
2020-11-03,56.55,56.005,57.05,55.775,20970140
2020-11-04,58.75,58.27,59.19,57.685,30763800
2020-11-05,60.575,60.295,60.75,60.045,22189860
2020-11-06,60.79,60.43,60.985,59.605,19455298
2020-11-09,60.35,62.08,62.68,60.295,39768100
2020-11-10,59.225,59.825,60.245,58.745,23538380
2020-11-11,60.63,59.825,60.795,59.705,14488552
2020-11-12,60.09,60.63,60.93,59.8075,14354156
2020-11-13,60.6,60.545,60.725,59.975,11853016
2020-11-16,61.185,60.605,61.295,60.48,14864182
2020-11-17,60.845,60.88,61.175,60.586,9939410
2020-11-18,60.195,60.74,61.03,60.17,9543528
2020-11-19,60.68,60.075,60.79,59.81,12155252
2020-11-20,60.055,60.735,60.75,60.035,9916768
2020-11-23,60.04,60.24,60.635,59.52,9808688
2020-11-24,60.875,60.27,60.9925,59.835,13641328
2020-11-25,61.005,61.085,61.26,60.775,12186372
2020-11-27,61.33,61.33,61.59,61.215,7025854
2020-11-30,61.74,61.31,61.83,60.615,32229280
2020-12-01,62.53,62.25,62.875,61.99,22664200
2020-12-02,62.435,62.265,62.505,61.795,16038874
2020-12-03,62.395,62.505,62.815,62.2275,13775406
2020-12-04,63.02,62.485,63.03,62.35,10358714
2020-12-07,63.2,63.055,63.385,62.945,8905428
2020-12-08,63.405,63.14,63.605,62.8695,7886840
2020-12-09,62.19,63.365,63.5525,61.975,17271820
2020-12-10,62.28,61.81,62.575,61.665,9997428
2020-12-11,62.15,61.905,62.15,61.45,13023260
2020-12-14,62.375,62.34,62.935,62.3,11056028
2020-12-15,63.415,63.05,63.415,62.645,9114576
2020-12-16,63.845,63.5,64.07,63.29,10309258
2020-12-17,64.35,64.31,64.49,64.045,11504994
2020-12-18,64.125,64.445,64.455,63.715,17693346
2020-12-21,64.04,63.165,64.07,62.6,15232250
2020-12-22,64.595,64.395,64.885,64.1,14335242
2020-12-23,64.105,64.67,64.7173,64.01,11300740
2020-12-24,64.53,64.215,64.69,64.17,4384640
2020-12-28,65.26,65.17,65.39,64.865,8170924
2020-12-29,64.95,65.615,65.7,64.835,8841398
2020-12-30,64.915,65.175,65.31,64.82,8141770
2020-12-31,65.01,64.945,65.195,64.485,11058334
2021-01-04,63.95,65.34,65.355,63.12,21017100
2021-01-05,64.365,63.805,64.47,63.765,12361494
2021-01-06,63.255,63.445,64.49,63.06,27258000
2021-01-07,64.96,63.865,65.085,63.84,19651956
2021-01-08,65.38,65.28,65.555,64.64,12387622
2021-01-11,64.84,64.745,65.3,64.57,17857386
2021-01-12,64.53,64.76,64.845,63.915,17089172
2021-01-13,64.94,64.615,65.14,64.49,13605164
2021-01-14,64.37,65.1,65.235,64.275,15624730
2021-01-15,63.71,64.275,64.56,63.58,12641128
2021-01-19,64.54,64.15,64.65,63.925,11569542
2021-01-20,65.82,65.035,66.05,64.945,11770034
2021-01-21,66.67,66.175,66.89,65.82,8948204
2021-01-22,66.415,66.39,66.75,66.255,11243518
2021-01-25,66.97,67.165,67.395,65.35,18205224
2021-01-26,67.015,67.205,67.31,66.76,8593458
2021-01-27,65.75,66.695,66.91,65.155,24484540
2021-01-28,66.02,66.085,67.12,65.86,16181652
2021-01-29,64.465,65.69,65.95,64.1147,19023610
2021-02-01,66.08,65.23,66.4,64.75,11232674
2021-02-02,66.975,66.72,67.17,66.625,8595392
2021-02-03,66.745,67.11,67.25,66.545,11574828
2021-02-04,67.81,67.105,67.81,66.9125,8134236
2021-02-05,67.66,68.015,68.025,67.465,9413748
2021-02-08,68.37,67.935,68.4,67.84,11713716
2021-02-09,68.29,68.19,68.615,68.1696,10552568
2021-02-10,68.19,68.565,68.65,67.61,9464456
2021-02-11,68.94,68.65,68.985,68.385,7565722
2021-02-12,69.295,68.76,69.34,68.57,6755508
2021-02-16,69.07,69.57,69.62,68.89,9722112
2021-02-17,68.46,68.435,68.61,67.77,15275356
2021-02-18,68.125,67.75,68.24,67.265,10956062
2021-02-19,68.025,68.475,68.535,67.72,11686164
2021-02-22,66.525,67.19,67.41,66.485,14262652
2021-02-23,66.34,65.42,66.75,64.305,24198460
2021-02-24,67.355,65.845,67.415,65.34,16472248
2021-02-25,65.0,66.755,67.2,64.71,34313740
2021-02-26,65.345,65.645,66.35,64.765,35511880
2021-03-01,67.45,66.455,67.49,66.035,24775220
2021-03-02,66.38,67.545,67.59,66.2825,24802860
2021-03-03,64.71,66.06,66.25,64.64,29889500
2021-03-04,63.28,64.51,64.98,62.48,76955520
2021-03-05,64.475,64.07,64.655,62.355,46085780
2021-03-08,62.915,64.415,64.725,62.85,35242420
2021-03-09,65.055,64.385,65.455,64.3,22987280
2021-03-10,64.795,65.755,65.765,64.745,18458980
2021-03-11,66.18,65.77,66.5897,65.63,13362854
2021-03-12,65.705,65.39,65.725,64.97,12442146
2021-03-15,66.405,65.755,66.445,65.4925,16588086
2021-03-16,66.905,66.915,67.545,66.62,13106814
2021-03-17,66.85,66.365,67.25,65.8601,19366482
2021-03-18,64.995,65.935,66.0475,64.915,17584852
2021-03-19,64.8,65.01,65.295,64.49,27225220
2021-03-22,65.935,65.01,66.255,64.905,15984176
2021-03-23,65.525,66.115,66.405,65.35,12929160
2021-03-24,64.73,65.92,65.9319,64.72,14209950
2021-03-25,64.69,64.345,64.98,63.86,22573660
2021-03-26,66.335,64.655,66.405,64.63,14883172
2021-03-29,65.99,66.135,66.32,65.49,17317732
2021-03-30,65.365,65.525,65.595,64.97,13235396
2021-03-31,66.405,65.865,66.81,65.81,15430338
2021-04-01,67.74,67.13,67.745,67.065,14351500
2021-04-05,69.14,68.135,69.26,68.045,12866790
2021-04-06,68.845,69.03,69.255,68.615,11316274
2021-04-07,69.21,68.79,69.3325,68.54,10085192
2021-04-08,70.21,69.86,70.225,69.74,14144554
2021-04-09,70.885,69.955,70.905,69.83,9401306
2021-04-12,70.545,70.595,70.77,70.1975,15907056
2021-04-13,71.21,70.815,71.265,70.685,11316230
2021-04-14,70.455,71.2,71.235,70.32,11216210
2021-04-15,71.665,71.1,71.72,71.09,11028860
2021-04-16,71.65,71.72,71.785,71.35,11696022
2021-04-19,71.055,71.33,71.66,70.63,10254648
2021-04-20,70.425,70.905,71.2125,70.03,9873486
2021-04-21,71.135,70.3,71.16,70.105,9254138
2021-04-22,70.3,71.01,71.315,69.99,11652110
2021-04-23,71.35,70.43,71.575,70.415,8892810
2021-04-26,71.715,71.375,71.79,71.325,7735016
2021-04-27,71.54,71.83,71.885,71.285,10822092
2021-04-28,70.875,71.1225,71.22,70.7025,10691172
2021-04-29,70.815,71.455,71.545,70.095,13416560
2021-04-30,69.85,70.095,70.475,69.685,10583462
2021-05-03,69.655,70.225,70.365,69.4775,10805740
2021-05-04,68.405,69.135,69.155,67.645,19919606
2021-05-05,68.24,68.965,69.065,68.11,6410650
2021-05-06,68.925,68.21,68.965,67.72,14339178
2021-05-07,69.515,69.615,69.925,69.215,19197072
2021-05-10,67.76,69.18,69.215,67.735,20281080
2021-05-11,67.555,66.465,67.695,66.305,27046820
2021-05-12,65.655,66.56,66.925,65.479,29414520
2021-05-13,66.525,66.375,67.1225,66.08,22615040
2021-05-14,67.99,67.27,68.2225,67.14,16823088
2021-05-17,67.49,67.59,67.61,66.875,16264614
2021-05-18,66.95,67.685,67.825,66.905,11737252
2021-05-19,67.185,65.91,67.235,65.75,30581260
2021-05-20,68.47,67.455,68.6975,67.445,16828148
2021-05-21,68.095,68.82,68.885,68.0325,14148388
2021-05-24,69.305,68.66,69.545,68.625,13229032
2021-05-25,69.325,69.585,69.745,69.17,11245866
2021-05-26,69.32,69.425,69.625,69.095,13311384
2021-05-27,68.955,69.26,69.545,68.94,11354688
2021-05-28,69.2,69.305,69.6,69.165,9223702
2021-06-01,68.86,69.51,69.585,68.735,12907306
2021-06-02,69.335,69.0,69.615,68.87,10098132
2021-06-03,68.69,68.775,69.05,68.27,12721362
2021-06-04,70.01,69.11,70.0897,69.11,11182546
2021-06-07,69.995,69.95,70.075,69.6525,11783940
2021-06-08,70.0,70.33,70.625,69.805,8902698
2021-06-09,70.05,70.34,70.46,70.01,9763472
2021-06-10,70.565,70.195,70.74,69.945,11275848
2021-06-11,70.985,70.655,70.985,70.59,12100666
2021-06-14,71.705,71.055,71.71,70.765,11426928
2021-06-15,71.265,71.65,71.65,71.135,15079914
2021-06-16,70.88,71.4,71.535,70.1825,19202854
2021-06-17,71.7,70.675,71.9942,70.675,15864366
2021-06-18,71.045,71.355,71.635,70.96,20816600
2021-06-21,71.675,70.945,71.715,70.485,12276642
2021-06-22,72.325,71.63,72.365,71.55,9253166
2021-06-23,72.245,72.335,72.4975,72.085,8270928
2021-06-24,72.7,72.71,72.9213,72.555,12278988
2021-06-25,72.615,72.765,72.82,72.495,14385716
2021-06-28,73.375,72.915,73.46,72.9,12557646
2021-06-29,73.91,73.415,73.945,73.245,9829112
2021-06-30,73.83,73.795,74.01,73.6,11013592
2021-07-01,73.955,73.73,73.955,73.455,11636714
2021-07-02,74.93,74.31,75.0075,74.29,12780428
2021-07-06,75.215,75.09,75.57,74.495,11870640
2021-07-07,75.625,75.695,75.78,75.02,14883700
2021-07-08,74.91,74.435,75.1175,74.1,17086732
2021-07-09,75.6,74.82,75.67,74.71,9775818
2021-07-12,75.66,75.9,75.935,75.415,9620230
2021-07-13,75.97,75.53,76.52,75.465,15202840
2021-07-14,76.53,76.58,76.92,76.195,12886728
2021-07-15,75.9,76.44,76.5,75.495,12506684
2021-07-16,75.15,76.05,76.41,75.075,15080946
2021-07-19,74.115,74.255,74.4595,73.685,24253980
2021-07-20,75.215,74.485,75.63,74.055,14715530
2021-07-21,75.94,75.185,75.955,75.045,12233956
2021-07-22,76.5,76.1,76.559,76.1,9578160
2021-07-23,77.26,76.84,77.2975,76.565,12576154
2021-07-26,77.22,77.065,77.3575,76.775,8993372
2021-07-27,76.49,77.125,77.15,75.525,18089898
2021-07-28,76.395,76.515,76.7975,75.665,13941162
2021-07-29,76.75,76.315,77.01,76.305,12030696
2021-07-30,76.7,76.26,76.78,76.24,10149456
2021-08-02,76.425,77.045,77.15,76.32,12205870
2021-08-03,76.915,76.565,76.955,75.945,10825226
2021-08-04,77.07,76.855,77.26,76.61,11322782
2021-08-05,77.495,77.21,77.52,76.98,6674662
2021-08-06,77.43,77.225,77.52,77.205,7602836
2021-08-09,77.18,77.52,77.66,77.105,7198130
2021-08-10,76.625,77.32,77.39,76.4025,10421348
2021-08-11,76.635,76.89,77.03,76.245,10832258
2021-08-12,77.075,76.555,77.12,76.24,6948712
2021-08-13,77.495,77.125,77.515,77.04,5631218
2021-08-16,77.845,77.31,77.855,76.655,9494214
2021-08-17,77.2,77.37,77.495,76.7215,19052668
2021-08-18,76.135,77.02,77.365,76.05,13481182
2021-08-19,76.88,75.715,77.165,75.605,19291344
2021-08-20,77.87,77.17,77.94,76.985,14769720
2021-08-23,78.875,78.075,78.9865,78.07,10802474
2021-08-24,78.785,78.975,79.065,78.715,9537024
2021-08-25,78.74,78.97,79.18,78.61,9430450
2021-08-26,78.245,78.645,78.805,78.18,12056660
2021-08-27,79.0,78.315,79.055,78.18,14088762
2021-08-30,79.85,79.235,79.9425,79.235,10026814
2021-08-31,79.43,79.9,79.925,79.28,21971120
2021-09-01,79.45,79.705,80.065,79.385,20290360
2021-09-02,79.365,79.745,79.85,79.045,21771400
2021-09-03,79.68,79.27,79.89,79.245,21204800
2021-09-07,79.7,79.775,79.87,79.3225,19724356
2021-09-08,79.395,79.69,79.715,78.83,11466304
2021-09-09,79.095,79.45,79.725,79.03,11161146
2021-09-10,78.315,79.535,79.73,78.237,17080214
2021-09-13,78.34,78.91,79.115,77.825,22637740
2021-09-14,78.24,78.675,78.835,78.03,18431550
2021-09-15,78.925,78.505,78.9875,78.065,16339294
2021-09-16,78.97,78.645,79.05,78.1575,16148502
2021-09-17,77.74,78.765,78.77,77.625,22663000
2021-09-20,76.19,76.465,76.855,75.1725,35669300
2021-09-21,76.22,76.655,76.8425,75.925,18454970
2021-09-22,77.265,76.635,77.565,76.295,27990660
2021-09-23,78.3,77.665,78.485,77.425,19534672
2021-09-24,78.355,77.825,78.485,77.79,11652500
2021-09-27,77.595,77.695,77.875,77.1,15014944
2021-09-28,75.295,76.6,76.775,75.235,38190680
2021-09-29,75.2,75.605,76.0,75.07,25011960
2021-09-30,74.66,75.64,75.965,74.62,33416520
2021-10-01,75.785,74.93,75.95,74.17,45483860
2021-10-04,74.03,75.35,75.4375,73.44,50773040
2021-10-05,75.085,74.18,75.5125,74.11,32967540
2021-10-06,75.575,74.22,75.63,73.9725,40004760
2021-10-07,76.265,76.23,76.855,76.125,19895612
2021-10-08,75.98,76.56,76.615,75.855,18426984
2021-10-11,75.56,75.64,76.575,75.5075,14970528
2021-10-12,75.17,75.855,75.95,75.045,17853316
2021-10-13,75.63,75.495,75.795,75.005,19523488
2021-10-14,77.335,76.4,77.37,76.29,15200418
2021-10-15,77.955,77.605,77.97,77.37,12779234
2021-10-18,78.615,77.52,78.655,77.305,11630264
2021-10-19,79.395,78.825,79.395,78.665,13201414
2021-10-20,79.175,79.47,79.585,78.83,12025334
2021-10-21,79.48,78.935,79.5225,78.7725,10023166
2021-10-22,79.205,79.45,79.78,78.875,12490012
2021-10-25,79.465,79.505,79.7501,79.155,10337112
2021-10-26,79.69,80.0,80.335,79.65,13189518
2021-10-27,79.62,79.825,80.23,79.54,17448022
2021-10-28,80.42,80.105,80.48,79.955,12756880
2021-10-29,80.765,79.63,80.815,79.535,20131760
2021-11-01,80.645,80.765,80.805,80.235,24421240
2021-11-02,81.355,80.755,81.555,80.755,26814600
2021-11-03,81.83,81.495,82.0,81.02,25978620
2021-11-04,83.11,82.14,83.31,81.995,28691400
2021-11-05,83.54,83.72,84.01,83.0204,24224120
2021-11-08,83.99,83.81,84.135,83.615,12780914
2021-11-09,83.645,84.115,84.205,83.2175,16823118
2021-11-10,82.265,83.0,83.415,82.015,25788780
2021-11-11,82.65,82.855,82.89,82.515,10103808
2021-11-12,83.655,82.925,83.7925,82.785,12244554
2021-11-15,83.57,83.99,84.11,83.095,12490390
2021-11-16,84.45,83.47,84.565,83.42,13538818
2021-11-17,84.195,84.285,84.725,83.93,15417874
2021-11-18,85.035,84.68,85.155,84.07,19968010
2021-11-19,85.655,85.34,85.98,85.0553,17717568
2021-11-22,84.7,85.99,87.125,84.65,28465000
2021-11-23,84.505,84.375,84.775,83.435,29241360
2021-11-24,85.12,84.0,85.14,83.59,18241040
2021-11-26,82.995,83.905,84.555,82.665,24767880
2021-11-29,85.07,84.23,85.2975,83.965,24979760
2021-11-30,84.36,84.75,85.525,83.64,54066720
2021-12-01,83.205,85.25,85.895,83.13,39091240
2021-12-02,83.97,82.435,84.355,82.255,46872500
2021-12-03,82.565,84.21,84.47,81.525,48470060
2021-12-06,83.35,82.805,83.6,81.945,37800340
2021-12-07,86.26,85.01,86.365,84.9978,28691100
2021-12-08,86.655,86.29,86.715,85.695,23261580
2021-12-09,85.72,86.44,87.005,85.65,17201020
2021-12-10,87.44,86.62,87.55,86.365,24777040
2021-12-13,86.14,87.62,87.79,86.015,20973980
2021-12-14,84.725,85.1,85.645,83.705,27094780
2021-12-15,86.97,84.795,87.055,83.99,28270820
2021-12-16,84.505,87.295,87.435,84.005,31275600
2021-12-17,83.94,83.575,84.76,83.14,44823260
2021-12-20,82.785,82.5,83.045,82.18,32649520
2021-12-21,84.88,83.67,84.95,82.895,16810832
2021-12-22,85.99,84.765,86.05,84.54,13376198
2021-12-23,86.47,86.105,86.8149,86.095,9792570
2021-12-27,88.325,86.815,88.345,86.795,13279142
2021-12-28,87.865,88.49,88.52,87.645,11423964
2021-12-29,87.94,87.895,88.295,87.485,9687772
2021-12-30,87.36,87.975,88.27,87.255,10526424
2021-12-31,86.935,87.275,87.485,86.895,10243082
2022-01-03,87.76,87.05,87.84,86.67,20302860
2022-01-04,86.83,87.91,88.0,86.175,16647996
2022-01-05,84.16,86.325,86.39,84.13,23628500
2022-01-06,83.735,83.49,84.6,83.235,23767120
2022-01-07,82.965,83.68,84.08,82.42,30488680
2022-01-10,82.98,81.73,83.085,80.645,32501420
2022-01-11,83.975,82.765,84.095,82.15,19207590
2022-01-12,84.37,84.6,85.18,83.95,18143980
2022-01-13,82.185,84.805,85.05,81.9758,20942680
2022-01-14,82.88,81.625,82.93,81.625,22351360
2022-01-18,80.89,81.675,82.16,80.665,24709840
2022-01-19,79.76,81.145,82.145,79.68,24961320
2022-01-20,78.73,80.47,81.3725,78.625,37609060
2022-01-21,77.165,78.54,79.445,77.145,48016520
2022-01-24,77.565,75.88,77.62,73.12,67429640
2022-01-25,75.77,76.045,77.21,74.9,48886300
2022-01-26,76.215,77.83,78.7375,75.31,53596260
2022-01-27,75.69,77.45,77.86,75.415,39456120
2022-01-28,79.0,76.63,79.02,75.49,44236100
2022-01-31,80.985,79.02,81.09,78.635,29121080
2022-02-01,81.195,81.095,81.3305,80.02,23389880
2022-02-02,81.855,81.37,81.99,80.82,25504820
2022-02-03,79.48,80.695,81.245,79.185,27865360
2022-02-04,79.8,79.055,80.5,78.72,29721820
2022-02-07,79.27,79.86,80.335,78.965,14622678
2022-02-08,80.25,79.02,80.465,78.835,21139780
2022-02-09,82.03,81.285,82.055,80.95,17795580
2022-02-10,79.885,80.4,81.765,79.465,31692200
2022-02-11,77.445,79.965,80.315,77.15,34878820
2022-02-14,77.42,77.24,78.0425,76.52,41030380
2022-02-15,79.455,78.585,79.51,78.31,24445420
2022-02-16,79.375,78.915,79.65,78.055,20318220
2022-02-17,77.0,78.635,78.715,76.8525,24906420
2022-02-18,76.22,77.265,77.375,75.635,25310800
2022-02-22,75.515,75.42,76.725,74.69,26893500
2022-02-23,73.625,76.3,76.505,73.545,37879360
2022-02-24,76.14,71.095,76.195,70.86,50967780
2022-02-25,77.175,76.255,77.2,75.32,28301660
2022-02-28,77.035,76.355,77.36,75.715,34822300
2022-03-01,75.495,76.745,77.14,74.905,29924980
2022-03-02,77.13,76.05,77.45,75.46,25592400
2022-03-03,76.21,77.78,77.785,75.82,23450700
2022-03-04,74.875,75.615,75.93,74.28,26732740
2022-03-07,72.135,74.81,75.155,72.095,32864280
2022-03-08,71.785,71.94,74.015,70.725,36898440
2022-03-09,74.625,73.735,74.965,73.145,35327340
2022-03-10,73.32,73.305,73.525,72.21,27448480
2022-03-11,72.03,73.97,74.155,71.92,21457720
2022-03-14,70.695,71.7,72.515,70.49,27852440
2022-03-15,73.07,71.255,73.215,71.0175,22993880
2022-03-16,75.445,73.995,75.4725,72.821,27176080
2022-03-17,75.98,75.04,76.03,74.635,18518844
2022-03-18,77.535,75.71,77.675,75.34,27897880
2022-03-21,77.245,76.975,77.655,76.23,22341420
2022-03-22,78.355,77.3,78.76,77.195,17485818
2022-03-23,77.15,77.625,78.34,77.075,12360626
2022-03-24,79.155,77.58,79.175,77.32,14263466
2022-03-25,79.11,79.28,79.39,78.1201,14875576
2022-03-28,80.05,78.745,80.085,78.545,18592912
2022-03-29,81.75,80.985,81.825,80.405,18829726
2022-03-30,80.66,81.33,81.56,80.235,18680356
2022-03-31,79.465,80.65,80.8,79.345,19424120
2022-04-01,79.23,79.545,79.73,78.345,28209560
2022-04-04,80.735,79.435,80.775,79.405,23048300
2022-04-05,79.035,80.385,80.57,78.76,23588160
2022-04-06,77.165,77.72,77.9,76.48,34225320
2022-04-07,77.285,76.755,77.805,76.23,23200180
2022-04-08,76.205,76.94,77.12,76.04,26354580
2022-04-11,74.285,75.25,75.345,74.185,21595340
2022-04-12,73.955,75.205,75.775,73.675,22172220
2022-04-13,75.145,74.0,75.375,73.725,14446724
2022-04-14,73.32,75.225,75.36,73.2825,17407032
2022-04-18,73.56,72.96,74.035,72.94,14060570
2022-04-19,74.94,73.375,75.07,73.105,13562150
2022-04-20,74.87,75.665,75.865,74.65,15652590
2022-04-21,73.6,75.6,76.31,73.375,18509228
2022-04-22,71.54,73.52,73.95,71.44,22094880
2022-04-25,72.615,71.225,72.665,70.78,28707540
2022-04-26,69.91,71.955,72.065,69.875,25953280
2022-04-27,70.945,70.69,72.31,70.535,40048600
2022-04-28,73.785,72.06,74.205,71.675,27762420
2022-04-29,70.71,72.98,73.83,70.575,29589860
2022-05-02,71.785,70.63,71.88,69.83,37004320
2022-05-03,71.91,71.775,72.35,71.245,27469820
2022-05-04,74.435,72.19,74.57,70.995,28650480
2022-05-05,70.855,73.34,73.43,70.01,36442240
2022-05-06,70.285,70.21,71.41,69.23,34862120
2022-05-09,67.565,69.015,69.46,67.255,41124660
2022-05-10,68.595,69.175,69.565,67.575,36370400
2022-05-11,66.43,67.975,69.265,66.225,34781840
2022-05-12,65.745,65.445,66.7,64.215,36506600
2022-05-13,67.93,66.64,68.265,66.21,24495700
2022-05-16,67.33,67.365,68.235,66.755,17423480
2022-05-17,69.28,68.78,69.385,68.0,18602228
2022-05-18,66.11,68.365,68.565,65.86,23670140
2022-05-19,65.385,65.615,66.51,65.075,20874900
2022-05-20,65.53,66.295,66.475,63.5177,20252540
2022-05-23,67.035,65.735,67.12,65.53,17219682
2022-05-24,66.04,66.1,66.435,64.885,17122034
2022-05-25,66.81,65.605,67.305,65.555,13656628
2022-05-26,68.415,66.42,68.71,66.28,15556630
2022-05-27,70.73,69.18,70.745,69.05,16281786
2022-05-31,70.225,70.455,70.915,69.54,19420896
2022-06-01,70.015,70.98,71.4575,69.495,13304796
2022-06-02,71.71,69.52,71.715,69.195,13868330
2022-06-03,69.995,70.35,70.835,69.67,11263738
2022-06-06,70.0,70.875,71.315,69.6525,12589556
2022-06-07,70.835,69.255,70.97,69.115,11016670
2022-06-08,70.035,70.625,70.965,69.84,8814288
2022-06-09,68.165,69.525,70.205,68.15,9765206
2022-06-10,65.545,66.99,67.2,65.525,20886300
2022-06-13,62.64,63.48,64.085,62.41,36332700
2022-06-14,63.035,63.11,63.455,62.45,18250344
2022-06-15,64.365,63.82,65.315,62.955,25069580
2022-06-16,61.745,62.73,62.785,61.2325,32690820
2022-06-17,62.31,61.735,62.9,61.3,27684880
2022-06-21,63.73,63.055,64.18,63.055,17244996
2022-06-22,63.46,63.035,64.3395,62.86,15163482
2022-06-23,64.41,64.005,64.5325,63.42,16042176
2022-06-24,66.725,65.15,66.74,65.15,25492120
2022-06-27,66.275,66.94,67.1375,65.975,13917296
2022-06-28,64.29,66.335,66.995,64.26,15262200
2022-06-29,64.42,64.21,64.805,63.69,13607150
2022-06-30,63.56,63.565,64.36,62.555,15720322
2022-07-01,63.705,63.16,63.865,62.615,13930634
2022-07-05,64.505,62.84,64.52,62.48,14341070
2022-07-06,65.06,64.645,65.58,64.325,16166924
2022-07-07,66.405,65.345,66.555,65.345,13082248
2022-07-08,66.435,65.695,66.649,65.49,12626922
2022-07-11,65.52,65.855,66.14,65.07,11416688
2022-07-12,64.625,65.76,66.13,64.245,16553392
2022-07-13,64.455,63.41,64.87,63.13,15162656
2022-07-14,65.045,63.94,65.275,63.115,13728816
2022-07-15,66.19,65.67,66.22,65.395,13529292
2022-07-18,65.55,66.84,67.08,65.3,9897692
2022-07-19,67.55,66.28,67.62,65.88,12330544
2022-07-20,68.605,67.56,68.89,67.38,12537132
2022-07-21,69.57,68.69,69.585,67.975,12957540
2022-07-22,68.61,69.54,69.825,68.2125,10583612
2022-07-25,68.175,68.58,68.655,67.66,13951166
2022-07-26,67.07,68.12,68.14,66.82,10167834
2022-07-27,69.955,68.175,70.32,68.075,17073504
2022-07-28,71.02,70.035,71.18,69.41,12408084
2022-07-29,72.11,71.24,72.335,70.94,10177350
2022-08-01,71.955,71.46,72.675,71.285,12516006
2022-08-02,71.445,71.335,72.27,70.83,15921800
2022-08-03,73.345,71.795,73.55,71.78,14243530
2022-08-04,73.68,73.32,73.715,72.85,11679826
2022-08-05,73.51,72.5,73.715,72.44,7921028
2022-08-08,72.885,73.445,74.015,72.49,11102826
2022-08-09,72.155,72.295,72.44,71.765,8565724
2022-08-10,74.125,73.87,74.185,73.28,19273104
2022-08-11,73.835,74.59,75.025,73.7,11025814
2022-08-12,75.305,74.32,75.31,74.09,8093918
2022-08-15,75.78,75.005,75.89,74.92,7162566
2022-08-16,75.575,75.435,75.93,74.87,10990682
2022-08-17,75.035,74.885,75.61,74.495,12632760
2022-08-18,75.425,75.11,75.725,74.82,9976866
2022-08-19,74.055,74.805,74.895,73.8892,10146530
2022-08-22,71.99,73.045,73.07,71.81,10744248
2022-08-23,71.8,71.85,72.56,71.7025,14777366
2022-08-24,71.845,71.75,72.15,71.45,8983272
2022-08-25,73.06,72.03,73.065,71.935,7126616
2022-08-26,69.94,73.03,73.205,69.89,14321890
2022-08-29,69.015,69.185,69.69,68.75,13231528
2022-08-30,68.295,69.405,69.5245,67.675,13268782
2022-08-31,67.63,68.705,68.925,67.595,14171324
2022-09-01,67.3,66.97,67.385,65.89,15988608
2022-09-02,66.425,67.995,68.38,66.075,16606528
2022-09-06,65.985,66.515,66.8,65.55,14990208
2022-09-07,67.04,66.115,67.31,65.89,11656950
2022-09-08,67.27,66.545,67.62,66.245,11210602
2022-09-09,68.6,67.83,68.785,67.7,11418630
2022-09-12,69.7,69.025,69.73,69.015,10180954
2022-09-13,66.0,67.71,68.09,65.82,20148720
2022-09-14,66.24,66.31,66.725,65.605,13229162
2022-09-15,64.715,65.71,66.11,64.325,14885286
2022-09-16,64.355,64.15,64.4875,63.44,20762120
2022-09-19,64.72,63.555,64.78,63.515,15683274
2022-09-20,64.34,64.115,64.745,63.7801,12109644
2022-09-21,63.335,64.675,65.625,63.325,16808704
2022-09-22,62.69,62.98,63.38,62.335,16034248
2022-09-23,61.87,62.12,62.215,61.055,19396678
2022-09-26,61.44,61.68,62.715,61.265,17194090
2022-09-27,61.52,62.255,62.84,60.95,18714718
2022-09-28,62.17,61.11,62.47,60.64,18933394
2022-09-29,60.55,61.28,61.42,59.835,31096680
2022-09-30,59.39,60.305,61.2,59.28,19512912
2022-10-03,61.23,59.86,61.595,59.63,17332280
2022-10-04,63.285,62.47,63.355,62.425,17779080
2022-10-05,63.495,62.43,63.955,62.065,14600312
2022-10-06,62.975,63.33,64.025,62.9,14348220
2022-10-07,60.385,61.69,61.695,60.06,15748926
2022-10-10,59.37,60.385,60.47,58.775,16706192
2022-10-11,58.46,59.03,59.4375,58.025,21044820
2022-10-12,58.28,58.505,58.905,58.18,14111642
2022-10-13,60.09,56.705,60.4025,56.485,38114620
2022-10-14,58.4,60.58,60.71,58.305,22484420
2022-10-17,60.18,59.83,60.48,59.67,14599528
2022-10-18,60.69,61.74,61.96,59.925,13997984
2022-10-19,60.515,60.16,61.115,59.905,10983990
2022-10-20,60.55,60.535,61.865,60.25,12429648
2022-10-21,62.17,60.4,62.3,60.195,17125906
2022-10-24,63.03,62.435,63.26,61.675,13385182
2022-10-25,64.235,63.185,64.28,63.185,10264990
2022-10-26,62.805,62.615,64.13,62.515,15169380
2022-10-27,62.09,63.04,63.425,61.945,11694842
2022-10-28,64.79,62.435,64.925,62.435,14935444
2022-10-31,63.935,64.145,64.32,63.555,13292266
2022-11-01,63.4,64.73,64.845,63.125,9413280
2022-11-02,61.21,63.355,64.17,61.19,18095240
2022-11-03,59.41,60.355,60.465,59.365,16010698
2022-11-04,60.495,60.645,60.81,59.11,17896288
2022-11-07,61.505,60.6,61.605,60.17,10427628
2022-11-08,62.095,62.015,62.845,61.18,12721946
2022-11-09,60.48,61.52,61.545,60.3901,11962548
2022-11-10,65.45,63.465,65.52,63.145,27932120
2022-11-11,66.57,65.39,66.79,65.07,15977826
2022-11-14,66.0,66.045,66.8256,65.6846,14526560
2022-11-15,66.8,67.5,67.775,66.13,12716116
2022-11-16,65.885,66.285,66.48,65.61,10095986
2022-11-17,65.97,64.835,66.275,64.81,8160310
2022-11-18,66.045,66.715,66.735,65.49,11912342
2022-11-21,65.335,65.67,65.94,65.205,8363846
2022-11-22,66.6,65.62,66.635,65.15,9019194
2022-11-23,67.19,66.455,67.39,66.41,9480606
2022-11-25,66.8,66.735,67.005,66.605,3262932
2022-11-28,65.37,66.045,66.47,65.105,13040250
2022-11-29,64.73,65.285,65.48,64.465,11570226
2022-11-30,67.98,64.7,67.99,64.635,23334460
2022-12-01,68.075,68.045,68.4,67.235,15165810
2022-12-02,67.68,66.935,67.905,66.675,8934382
2022-12-05,66.555,67.16,67.5375,66.115,11526568
2022-12-06,65.13,66.485,66.585,64.71,11799696
2022-12-07,64.8,64.895,65.3,64.335,10413890
2022-12-08,65.86,65.16,66.05,64.77,8965786
2022-12-09,65.455,65.565,66.375,65.21,10402948
2022-12-12,66.885,65.56,66.885,65.54,14806196
2022-12-13,67.675,69.32,69.6663,66.99,18607506
2022-12-14,67.105,67.61,68.4,66.32,19540956
2022-12-15,64.595,66.005,66.25,64.35,19226176
2022-12-16,63.74,64.375,64.755,63.415,23999240
2022-12-19,62.71,63.565,63.665,62.295,14276568
2022-12-20,62.805,62.38,63.125,62.0775,12622074
2022-12-21,63.845,63.095,64.1425,62.94,14670552
2022-12-22,62.235,63.045,63.1125,61.1775,15324906
2022-12-23,62.3,61.79,62.36,61.3338,8231592
2022-12-27,61.71,62.085,62.195,61.345,9530210
2022-12-28,60.715,61.56,62.135,60.645,10362964
2022-12-29,62.305,61.31,62.515,61.3025,10954286
2022-12-30,62.22,61.66,62.255,61.275,8905870
2023-01-03,61.63,62.885,63.3,61.19,15196140
2023-01-04,61.79,61.95,62.185,61.11,11813004
2023-01-05,60.59,61.48,61.64,60.485,11341030
2023-01-06,62.365,61.125,62.645,60.405,13825480
2023-01-09,63.09,62.925,64.2375,62.905,21427260
2023-01-10,63.48,62.935,63.5799,62.6,17209054
2023-01-11,64.58,63.68,64.58,63.485,13757972
2023-01-12,65.06,64.68,65.355,63.89,15358670
2023-01-13,65.245,64.445,65.3399,64.295,10153164
2023-01-17,65.54,65.155,65.925,65.075,10425718
2023-01-18,64.695,65.91,66.26,64.655,13935922
2023-01-19,63.94,64.19,64.55,63.705,14645026
2023-01-20,65.67,64.26,65.7175,64.03,14127872
2023-01-23,67.165,65.935,67.55,65.785,23472880
2023-01-24,67.135,66.785,67.39,66.685,12575678
2023-01-25,66.995,66.0,67.165,65.385,14342294
2023-01-26,68.065,67.65,68.095,66.95,11161740
2023-01-27,68.35,67.635,68.83,67.605,13549320
2023-01-30,67.045,67.565,67.86,66.9875,9705914
2023-01-31,67.98,67.045,68.01,67.0,8871606
2023-02-01,69.58,67.93,70.135,67.605,18852750
2023-02-02,71.48,70.77,71.88,70.445,18824052
2023-02-03,70.885,70.25,72.045,70.145,16145326
2023-02-06,70.02,70.1,70.65,69.755,12977458
2023-02-07,71.77,70.125,72.04,70.095,15708144
2023-02-08,70.905,71.91,72.295,70.76,12577078
2023-02-09,70.515,72.0,72.12,70.235,12624028
2023-02-10,70.19,69.99,70.43,69.525,9861570
2023-02-13,71.405,70.465,71.5605,70.42,8411828
2023-02-14,71.71,71.07,72.115,70.625,12621946
2023-02-15,72.045,71.275,72.05,71.105,10492454
2023-02-16,70.795,71.0,71.805,70.74,13001292
2023-02-17,69.91,70.29,70.37,69.3,10606678
2023-02-21,68.25,68.975,69.39,68.1875,12277714
2023-02-22,68.15,68.39,68.7,67.825,14338388
2023-02-23,69.28,69.42,69.54,68.305,13120416
2023-02-24,68.045,68.05,68.34,67.65,14347584
2023-02-27,68.41,68.73,69.08,68.285,9388976
2023-02-28,68.26,68.19,68.92,68.07,10486298
2023-03-01,67.76,68.29,68.4,67.55,15069354
2023-03-02,68.595,67.575,68.81,67.46,10971264
2023-03-03,70.07,69.035,70.0725,68.97,14439668
2023-03-06,70.405,70.52,71.36,70.3475,15999230
2023-03-07,69.53,70.35,70.62,69.355,14120110
2023-03-08,70.105,69.775,70.19,69.365,13246948
2023-03-09,69.1,70.215,71.005,68.965,15624590
2023-03-10,67.885,69.0,69.1725,67.615,30556800
2023-03-13,68.255,67.46,69.2,67.04,34439500
2023-03-14,69.83,69.135,70.075,68.85,21202100
2023-03-15,69.87,69.065,69.9549,68.7275,23060040
2023-03-16,71.83,69.625,71.93,69.395,26089100
2023-03-17,71.73,71.97,72.59,71.31,23079060
2023-03-20,71.765,71.445,71.855,70.91,11981616
2023-03-21,72.345,72.155,72.475,71.4025,13066400
2023-03-22,71.625,72.345,73.785,71.585,14224492
2023-03-23,72.79,72.54,73.775,72.105,17595818
2023-03-24,72.98,72.56,73.015,72.08,11875410
2023-03-27,72.415,73.09,73.34,72.245,10810586
2023-03-28,72.075,72.29,72.315,71.4225,9968016
2023-03-29,73.585,72.98,73.75,72.875,14256586
2023-03-30,74.44,74.265,74.545,73.94,11202418
2023-03-31,75.505,74.35,75.5725,74.255,15069766
2023-04-03,75.385,75.045,75.49,74.685,21142120
2023-04-04,74.97,75.495,75.755,74.69,15824730
2023-04-05,74.115,74.615,74.685,73.58,15737560
2023-04-06,74.535,73.575,74.63,73.255,15696014
2023-04-10,74.495,73.795,74.51,73.39,9517176
2023-04-11,73.795,74.365,74.375,73.67,12750794
2023-04-12,73.375,74.295,74.495,73.2525,13235772
2023-04-13,74.74,73.66,74.855,73.54,13641796
2023-04-14,74.325,74.32,74.9343,73.675,13003696
2023-04-17,74.595,74.42,74.76,74.015,8306424
2023-04-18,74.825,75.165,75.365,74.5,9213060
2023-04-19,74.61,74.15,74.75,74.05,8623212
2023-04-20,74.12,73.925,74.855,73.79,11416252
2023-04-21,73.88,73.795,74.0125,73.4,12237748
2023-04-24,73.555,73.585,73.945,73.005,9079936
2023-04-25,71.985,73.195,73.335,71.96,11022646
2023-04-26,73.055,73.25,73.81,72.88,13603396
2023-04-27,74.605,73.4,74.6575,73.22,12084768
2023-04-28,75.415,74.605,75.43,74.525,11791940
2023-05-01,75.46,75.355,75.8238,75.235,8194378
2023-05-02,74.755,75.55,75.635,74.365,12058870
2023-05-03,74.125,74.845,75.33,74.09,11630198
2023-05-04,73.77,73.83,74.27,73.465,10860910
2023-05-05,75.62,74.485,75.875,74.38,12229996
2023-05-08,75.58,75.475,75.645,75.115,6795686
2023-05-09,75.0,75.165,75.305,74.92,12473400
2023-05-10,75.915,75.655,76.09,75.18,10551820
2023-05-11,75.575,75.79,75.79,75.05,8957092
2023-05-12,75.475,75.705,75.815,74.89,7907956
2023-05-15,76.1,75.55,76.115,75.2775,6796922
2023-05-16,76.18,75.995,76.595,75.97,9398476
2023-05-17,77.195,76.5,77.325,76.1475,11916612
2023-05-18,78.775,77.29,78.89,77.29,15491208
2023-05-19,78.74,78.795,78.93,78.47,9805102
2023-05-22,78.89,78.505,79.095,78.375,10794178
2023-05-23,77.725,78.495,78.82,77.695,11690952
2023-05-24,77.155,77.11,77.465,76.735,10925504
2023-05-25,80.115,79.205,80.43,78.79,18077998
2023-05-26,82.39,80.32,82.535,80.31,15159996
2023-05-30,82.83,83.6,84.02,82.655,18123690
2023-05-31,82.14,82.355,83.13,82.095,19301020
2023-06-01,82.975,81.88,83.325,81.615,17419456
2023-06-02,83.45,83.465,83.835,82.86,14270542
2023-06-05,82.97,83.4,83.9541,82.8234,10908996
2023-06-06,82.95,82.77,83.13,82.355,9975664
2023-06-07,81.71,82.79,83.435,81.54,13703760
2023-06-08,82.595,81.83,82.7225,81.7725,10667444
2023-06-09,83.005,82.995,83.855,82.725,14415564
2023-06-12,84.81,83.575,84.8425,83.405,13792040
2023-06-13,85.325,85.565,85.73,84.635,16595880
2023-06-14,86.205,85.225,86.235,84.93,16769036
2023-06-15,87.315,85.855,87.705,85.835,17732672
2023-06-16,86.595,88.145,88.15,86.51,17366668
2023-06-20,85.83,85.92,86.45,85.37,14139162
2023-06-21,84.56,85.5,85.665,84.31,12057926
2023-06-22,85.25,84.18,85.285,84.165,15225170
2023-06-23,84.325,84.2,84.8225,83.97,14728914
2023-06-26,83.72,84.4,85.14,83.66,10890262
2023-06-27,85.37,84.055,85.565,83.975,13832904
2023-06-28,85.42,84.895,85.88,84.83,11371684
2023-06-29,85.57,85.51,85.725,85.055,9128292
2023-06-30,86.93,86.42,87.1499,86.355,11398444
2023-07-03,86.745,86.915,86.955,86.305,6182200
2023-07-05,86.21,86.14,86.855,86.065,9396398
2023-07-06,85.98,85.36,86.06,85.0975,12116420
2023-07-07,85.605,85.84,86.64,85.555,11622510
2023-07-10,85.83,85.295,85.835,84.97,16877102
2023-07-11,86.015,86.01,86.11,85.175,9997360
2023-07-12,86.99,86.875,87.3975,86.4,16104564
2023-07-13,88.125,87.585,88.315,87.41,9349222
2023-07-14,87.995,88.345,89.035,87.74,11543822
2023-07-17,89.12,88.16,89.3775,88.06,11860560
2023-07-18,90.13,88.915,90.565,88.45,16406770
2023-07-19,89.905,90.355,90.73,89.56,20989940
2023-07-20,88.11,89.33,89.7075,87.8328,24356040
2023-07-21,88.065,88.67,89.115,87.96,14871416
2023-07-24,88.22,88.455,88.67,87.88,11308260
2023-07-25,89.23,88.505,89.525,88.49,10802206
2023-07-26,88.03,88.295,88.51,87.41,15501528
2023-07-27,87.775,89.22,89.49,87.375,13856950
2023-07-28,88.97,88.59,89.235,88.405,11287748
2023-07-31,89.175,89.05,89.285,88.665,10139704
2023-08-01,89.325,88.885,89.515,88.65,8848614
2023-08-02,87.115,88.54,88.595,86.8,15826848
2023-08-03,86.76,86.405,87.27,86.35,11321866
2023-08-04,85.58,86.465,86.9825,85.445,14431702
2023-08-07,85.82,85.94,86.235,85.2,9535996
2023-08-08,85.16,85.22,85.27,84.305,11461802
2023-08-09,84.06,85.275,85.275,83.77,14301782
2023-08-10,84.07,84.7,85.435,83.655,12731314
2023-08-11,83.45,83.4,83.94,83.16,10771912
2023-08-14,84.78,83.365,84.79,83.165,10328006
2023-08-15,83.945,84.53,84.83,83.75,9366346
2023-08-16,83.145,83.765,84.245,83.14,9779464
2023-08-17,82.355,83.515,83.6675,82.23,12614734
2023-08-18,82.48,81.52,82.815,81.47,13658668
2023-08-21,84.055,82.905,84.225,82.825,13132846
2023-08-22,83.96,84.81,84.86,83.775,11365560
2023-08-23,85.475,84.165,85.725,84.16,10113242
2023-08-24,83.505,86.55,86.555,83.44,13928906
2023-08-25,84.355,83.84,84.82,83.095,15686580
2023-08-28,85.045,84.995,85.225,84.39,8964298
2023-08-29,86.75,84.8,86.835,84.71,13713878
2023-08-30,87.405,86.765,87.4925,86.465,12266660
2023-08-31,87.83,87.605,88.165,87.51,11963490
2023-09-01,88.1,88.38,88.495,87.65,9244660
2023-09-05,88.415,87.88,88.69,87.595,10060370
2023-09-06,87.48,88.07,88.29,86.94,18143226
2023-09-07,86.215,85.855,86.405,85.54,12513846
2023-09-08,86.395,86.21,86.95,86.17,8584962
2023-09-11,86.845,87.155,87.235,86.085,8272768
2023-09-12,85.27,86.12,86.425,85.115,12243414
2023-09-13,85.485,85.235,85.9425,84.995,10008760
2023-09-14,86.105,86.01,86.3175,85.47,9473262
2023-09-15,84.45,85.795,85.82,84.225,13116818
2023-09-18,84.675,84.025,84.955,84.0,9943806
2023-09-19,84.63,84.315,84.845,83.855,8237334
2023-09-20,83.3,84.86,84.97,83.265,10766130
2023-09-21,82.03,82.425,83.01,81.99,14742824
2023-09-22,82.205,82.39,82.96,82.02,12537866
2023-09-25,82.47,81.995,82.595,81.785,10577338
2023-09-26,80.985,81.93,81.975,80.705,14925956
2023-09-27,81.11,81.375,81.535,80.3061,11665142
2023-09-28,81.685,80.725,82.205,80.345,12829318
2023-09-29,81.965,82.49,83.255,81.685,15883816
2023-10-02,82.845,82.005,83.085,81.88,13656154
2023-10-03,81.44,82.375,82.94,81.0199,14838716
2023-10-04,82.455,81.505,82.675,81.505,15194224
2023-10-05,82.565,82.45,82.7,81.575,12022956
2023-10-06,84.11,82.0,84.4703,81.76,16625532
2023-10-09,84.545,83.595,84.675,83.21,13139160
2023-10-10,84.675,84.605,85.355,84.37,20403200
2023-10-11,85.46,84.935,85.5,84.665,10389272
2023-10-12,85.54,85.535,86.415,84.89,15405834
2023-10-13,84.315,85.71,85.855,84.02,15191938
2023-10-16,85.125,84.455,85.51,84.44,14544178
2023-10-17,84.73,84.055,85.1675,83.45,15318272
2023-10-18,83.86,84.135,84.82,83.515,12862902
2023-10-19,83.38,84.195,84.76,83.235,19991730
2023-10-20,81.97,83.34,83.4,81.885,15350452
2023-10-23,82.065,81.46,82.9,81.005,15158934
2023-10-24,82.63,82.39,82.755,81.74,11180350
2023-10-25,81.655,83.025,83.125,81.4125,15529614
2023-10-26,80.095,81.8,82.16,79.75,20646480
2023-10-27,80.56,80.585,81.375,80.205,16231560
2023-10-30,81.425,80.985,81.7125,80.74,14180952
2023-10-31,82.005,81.465,82.075,80.83,10893520
2023-11-01,83.59,82.15,83.7,82.15,20945760
2023-11-02,85.005,84.345,85.08,84.23,16192668
2023-11-03,85.88,84.92,86.225,84.735,15661728
2023-11-06,86.445,85.995,86.475,85.725,11099142
2023-11-07,87.39,86.675,87.645,86.545,13029784
2023-11-08,87.885,87.69,88.03,87.29,10722660
2023-11-09,87.475,88.015,88.6575,87.36,14374674
2023-11-10,89.76,88.005,89.8175,87.905,13350358
2023-11-13,89.235,89.385,89.46,88.86,11725036
2023-11-14,91.02,90.6,91.2475,90.32,16508432
2023-11-15,91.135,91.425,91.565,90.785,13147708
2023-11-16,91.59,90.955,91.69,90.79,11554076
2023-11-17,91.4,91.385,91.75,91.005,13278420
2023-11-20,92.725,91.515,92.965,91.505,11119662
2023-11-21,91.975,92.305,92.45,91.6375,13350782
2023-11-22,92.385,92.555,93.175,92.135,11213670
2023-11-24,92.205,92.23,92.31,91.855,4193852
2023-11-27,92.2,92.075,92.7325,91.91,8420186
2023-11-28,92.375,91.89,92.62,91.89,11012338
2023-11-29,92.445,93.05,93.45,92.3875,10765424
2023-11-30,92.58,92.83,92.955,91.805,13744008
2023-12-01,92.79,92.34,92.955,91.895,13992110
2023-12-04,91.66,91.865,91.865,90.66,18221854
2023-12-05,92.21,91.17,92.315,91.17,10841330
2023-12-06,91.43,92.785,92.92,91.36,14731346
2023-12-07,92.54,91.865,92.695,91.67,13928806
2023-12-08,93.33,92.34,93.405,92.225,12808850
2023-12-11,94.145,93.055,94.165,92.84,37795380
2023-12-12,94.77,93.8,94.8,93.72,15055390
2023-12-13,95.605,94.995,95.835,94.77,29395000
2023-12-14,95.37,95.68,96.04,94.665,15427442
2023-12-15,95.85,95.27,96.4,95.27,18131392
2023-12-18,95.925,95.62,96.14,95.215,10138376
2023-12-19,96.29,95.905,96.3,95.85,9003672
2023-12-20,94.835,96.18,96.52,94.82,13734894
2023-12-21,95.9,95.8,96.115,95.095,11335948
2023-12-22,96.025,96.175,96.305,95.55,10215416
2023-12-26,96.425,96.085,96.6225,96.085,6207558
2023-12-27,96.42,96.475,96.62,96.01,11764568
2023-12-28,96.535,96.76,96.86,96.4875,9615352
2023-12-29,96.24,96.585,96.7799,95.76,12190650
2024-01-02,93.72,94.93,95.08,93.125,23545460
2024-01-03,92.765,92.865,93.375,92.6,18190046
2024-01-04,92.085,92.195,92.8325,91.995,12127296
2024-01-05,92.06,92.19,92.855,91.71,16350522
2024-01-08,94.37,92.525,94.435,92.43,16434662
2024-01-09,94.52,93.645,94.79,93.445,10633898
2024-01-10,95.325,94.565,95.53,94.365,9785434
2024-01-11,95.81,95.795,96.275,94.465,13297020
2024-01-12,96.12,95.965,96.34,95.64,8834636
2024-01-16,96.36,96.0,96.7625,95.445,11775604
2024-01-17,95.885,95.645,96.0,94.845,14108960
2024-01-18,97.83,97.165,97.9175,96.8,18918730
2024-01-19,100.085,98.47,100.105,98.255,18333144
2024-01-22,100.525,100.575,101.14,100.145,14968922
2024-01-23,100.93,100.62,100.995,100.035,13263826
2024-01-24,101.625,101.625,102.645,101.335,17651226
2024-01-25,102.05,102.56,103.0725,101.5775,17071494
2024-01-26,100.875,101.335,101.7825,100.645,10553188
2024-01-29,101.8,101.0,101.82,100.8,7639594
2024-01-30,100.96,101.765,101.92,100.65,12251508
2024-01-31,98.84,100.0,100.41,98.79,16295208
2024-02-01,100.085,99.235,100.2225,99.17,14303488
2024-02-02,101.12,99.405,101.44,99.3725,12872552
2024-02-05,101.35,101.53,101.64,100.4,10086508
2024-02-06,100.885,101.46,101.635,100.235,12677116
2024-02-07,102.22,101.595,102.245,101.19,11365888
2024-02-08,102.54,102.395,102.815,102.27,9948188
2024-02-09,103.92,102.97,104.055,102.85,11612252
2024-02-12,103.13,103.915,104.235,102.98,10753232
2024-02-13,101.38,100.895,102.06,100.5875,19459342
2024-02-14,102.44,102.135,102.52,101.415,11791680
2024-02-15,102.225,102.575,102.675,101.655,10796390
2024-02-16,101.285,102.5,102.705,101.1475,11090418
2024-02-20,100.255,100.69,101.05,99.25,17447586
2024-02-21,99.625,99.285,99.625,98.535,15966358
2024-02-22,102.885,102.2,103.1625,101.965,18551698
2024-02-23,102.645,103.7,103.83,102.32,12323940
2024-02-26,102.745,103.095,103.35,102.64,18248884
2024-02-27,102.835,103.025,103.025,102.07,9984454
2024-02-28,102.35,102.495,102.63,101.98,8329080
2024-02-29,103.49,102.895,103.7325,102.32,11986746
2024-03-01,105.38,103.755,105.53,103.705,13136718
2024-03-04,105.38,105.23,105.9825,104.995,20443820
2024-03-05,102.79,104.34,104.39,102.125,18042886
2024-03-06,103.605,103.865,104.3842,102.91,14303188
2024-03-07,105.24,104.49,105.56,103.97,12120812
2024-03-08,103.675,105.43,106.175,103.61,14912100
2024-03-11,103.39,103.2,103.62,102.645,15648378
2024-03-12,105.51,104.385,105.52,103.395,17382880
2024-03-13,104.37,105.19,105.25,103.935,12815488
2024-03-14,104.39,104.81,105.18,103.7525,16023244
2024-03-15,102.815,102.89,103.36,102.395,19633360
2024-03-18,103.15,103.545,104.21,103.07,14176566
2024-03-19,103.685,102.645,103.7,102.13,13390280
2024-03-20,104.845,103.765,104.88,103.399,13357416
2024-03-21,104.92,105.965,105.965,104.83,12312034
2024-03-22,104.955,104.925,105.34,104.55,11506956
2024-03-25,104.26,103.96,104.7025,103.66,8777878
2024-03-26,103.83,104.635,104.805,103.745,8538360
2024-03-27,104.36,104.485,104.54,103.56,12495056
2024-03-28,104.135,104.115,104.435,103.925,8854310
2024-04-01,104.425,104.355,105.035,104.045,11654790
2024-04-02,103.42,103.265,103.5685,102.58,11418378
2024-04-03,103.695,102.9,104.23,102.875,10669964
2024-04-04,102.055,104.685,105.05,102.0,16464724
2024-04-05,103.225,102.5,103.75,102.215,12808782
2024-04-08,103.105,103.29,103.63,102.725,8126136
2024-04-09,103.625,103.635,103.85,102.33,9401156
2024-04-10,102.355,102.445,102.7355,101.915,13836754
2024-04-11,104.4,102.81,104.57,102.3125,10563606
2024-04-12,102.71,103.155,103.64,102.33,16186814
2024-04-15,100.76,103.34,103.405,100.605,17189072
2024-04-16,100.88,100.98,101.505,100.48,14914022
2024-04-17,99.425,101.25,101.42,99.35,13090378
2024-04-18,98.29,99.395,99.65,98.185,15280726
2024-04-19,96.265,97.915,98.235,96.02,21879980
2024-04-22,97.125,97.005,97.71,96.04,13293442
2024-04-23,98.565,97.53,98.71,97.385,12151638
2024-04-24,99.015,99.295,99.7025,98.47,9160164
2024-04-25,98.8,97.78,98.985,97.345,11567984
2024-04-26,99.915,99.58,100.645,99.19,10104168
2024-04-29,100.345,100.43,100.58,99.7575,7494846
2024-04-30,98.135,100.0,100.405,98.105,14929054
2024-05-01,97.13,97.61,99.25,97.11,20453580
2024-05-02,98.53,98.37,98.665,97.13,13339990
2024-05-03,101.275,101.195,101.615,100.835,13316494
2024-05-06,102.465,101.66,102.465,101.505,8020934
2024-05-07,102.13,102.765,102.815,102.12,10021020
2024-05-08,102.42,101.765,102.53,101.74,7175942
2024-05-09,102.39,102.255,102.47,101.88,9589686
2024-05-10,102.77,102.925,103.385,102.445,8754014
2024-05-13,103.255,103.525,103.61,102.93,6581988
2024-05-14,104.17,103.22,104.3125,103.16,9825164
2024-05-15,106.515,104.825,106.549,104.75,14308640
2024-05-16,106.145,106.5775,106.9075,106.1,12066506
2024-05-17,105.91,106.39,106.455,105.33,7616034
2024-05-20,107.155,106.015,107.355,105.92,6277268
2024-05-21,107.33,106.745,107.505,106.555,6140482
2024-05-22,107.57,107.635,107.9625,106.935,11782914
2024-05-23,106.695,108.8,108.81,106.355,9400432
2024-05-24,107.595,106.965,107.825,106.61,5906412
2024-05-28,108.05,108.205,108.29,107.3725,8786428
2024-05-29,107.365,106.91,107.88,106.91,8569076
2024-05-30,104.915,106.17,106.33,104.59,10459704
2024-05-31,105.08,105.225,105.245,102.765,12081012
2024-06-03,105.345,105.885,105.98,104.085,9628062
2024-06-04,105.565,105.29,105.7325,104.75,6405330
2024-06-05,107.91,106.4,107.91,106.23,8788864
2024-06-06,107.55,107.97,108.0432,107.265,7057672
2024-06-07,107.8,107.665,108.26,107.27,6398624
2024-06-10,108.075,107.435,108.365,107.365,6735392
2024-06-11,110.085,107.8,110.115,107.75,12719204
2024-06-12,112.52,111.1775,113.655,110.975,17821256
2024-06-13,113.41,113.565,113.88,112.72,12693594
2024-06-14,113.835,113.25,113.9,113.175,7864554
2024-06-17,115.56,114.115,115.9625,113.725,11602698
2024-06-18,115.705,115.675,116.085,115.245,8677722
2024-06-20,114.405,116.225,116.295,114.02,13242926
2024-06-21,114.205,114.43,114.8775,113.685,13560786
2024-06-24,111.21,112.82,113.33,111.18,13748560
2024-06-25,113.25,112.025,113.31,111.395,9129082
2024-06-26,113.12,113.08,113.655,112.24,9459596
2024-06-27,113.175,112.9,113.735,112.765,7923534
2024-06-28,113.115,113.57,115.195,112.96,12488204
2024-07-01,113.97,113.285,114.16,111.64,9281668
2024-07-02,114.54,112.98,114.55,112.98,7076520
2024-07-03,116.085,114.375,116.14,114.28,6249128
2024-07-05,116.44,116.215,116.955,115.735,6671838
2024-07-08,117.235,116.815,117.575,116.615,7671038
2024-07-09,117.14,117.8325,118.115,116.47,8684664
2024-07-10,118.84,117.945,118.9225,117.285,8749384
2024-07-11,115.865,119.02,119.07,115.5275,14110386
2024-07-12,116.9,116.185,118.14,115.78,9767552
2024-07-15,117.11,117.495,118.265,116.445,8627990
2024-07-16,116.72,117.385,117.4439,115.885,7652214
2024-07-17,112.18,114.05,114.165,112.125,12440482
2024-07-18,112.19,113.41,113.43,110.775,10837174
2024-07-19,110.435,111.595,112.28,110.19,8472826
2024-07-22,113.05,111.895,113.18,111.42,10601500
2024-07-23,112.6,112.58,113.615,112.45,5530746
2024-07-24,107.94,111.13,111.4795,107.68,14300720
2024-07-25,106.785,107.825,109.4325,105.23,21157920
2024-07-26,108.14,108.225,109.0,107.225,11697862
2024-07-29,107.66,109.0,109.47,107.345,7343814
2024-07-30,104.955,108.06,108.165,104.15,10694518
2024-07-31,109.4,108.195,109.795,107.435,14614086
2024-08-01,105.32,109.1,110.365,104.2,16991430
2024-08-02,102.36,102.52,103.365,100.625,18621698
2024-08-05,98.95,95.9525,100.86,95.3725,31429900
2024-08-06,100.295,100.215,102.3225,99.15,24575720
2024-08-07,98.67,102.725,103.225,98.535,17653500
2024-08-08,102.355,100.455,102.61,99.0,14442740
2024-08-09,102.815,102.295,103.405,101.675,9535506
2024-08-12,103.655,103.135,104.455,102.655,8580200
2024-08-13,106.84,104.94,106.8725,104.81,9999538
2024-08-14,107.425,107.5,107.97,105.98,8922464
2024-08-15,110.515,108.815,110.625,108.58,9480170
2024-08-16,110.7,109.93,110.9125,109.63,6706302
2024-08-19,112.525,110.44,112.53,109.99,13004212
2024-08-20,112.13,112.23,112.905,111.47,7221578
2024-08-21,112.79,112.2,113.18,111.845,7538728
2024-08-22,110.195,113.42,113.685,109.965,9083638
2024-08-23,111.98,111.29,112.4675,110.55,10680964
2024-08-26,110.575,111.88,112.3013,110.01,6268872
2024-08-27,111.245,109.89,111.48,109.35,7656002
2024-08-28,109.71,111.1,111.315,108.79,9002260
2024-08-29,108.72,109.74,111.285,108.44,13283654
2024-08-30,110.165,109.905,110.59,108.72,10048446
2024-09-03,105.105,109.0,109.08,104.505,14765758
2024-09-04,104.835,104.04,106.03,103.71,12330000
2024-09-05,104.675,104.08,105.975,103.985,8875232
2024-09-06,101.96,104.59,104.84,101.49,12441080
2024-09-09,103.63,103.225,103.745,102.27,10921976
2024-09-10,105.18,104.345,105.405,103.35,10122906
2024-09-11,108.77,105.54,108.935,103.87,12768732
2024-09-12,109.67,108.69,110.135,107.925,10606110
2024-09-13,110.22,109.805,110.495,109.36,8047324
2024-09-16,109.8,109.425,110.15,108.785,6897782
2024-09-17,109.585,110.9,111.07,109.03,6989920
2024-09-18,108.585,109.86,110.63,108.48,12741686
2024-09-19,111.81,111.635,112.5025,111.025,13934078
2024-09-20,111.265,111.37,111.765,110.27,14492708
2024-09-23,111.045,111.165,111.31,110.705,7490526
2024-09-24,111.805,111.51,112.03,110.31,7025806
2024-09-25,112.125,111.585,112.615,111.535,6111536
2024-09-26,113.61,114.315,114.4394,112.415,9244746
2024-09-27,112.55,113.77,113.805,112.13,6093760
2024-09-30,112.88,112.06,112.95,111.5,5501888
2024-10-01,110.13,112.545,112.61,109.475,11295304
2024-10-02,110.945,110.155,111.4475,109.53,4532304
2024-10-03,111.405,110.62,112.22,110.605,5784880
2024-10-04,112.645,112.845,112.925,111.46,5015344
2024-10-07,111.87,112.14,112.885,111.59,4430412
2024-10-08,113.96,112.675,114.15,112.4175,7864790
2024-10-09,115.235,114.05,115.395,113.695,7579782
2024-10-10,115.205,114.465,115.5025,114.145,5692236
2024-10-11,115.405,114.93,115.665,114.76,8848914
2024-10-14,116.91,116.14,117.15,116.0855,9810124
2024-10-15,114.34,117.0,117.2825,113.915,14179308
2024-10-16,114.695,114.7,114.87,113.4619,5758844
2024-10-17,115.045,116.295,116.36,115.045,6051182
2024-10-18,115.455,115.645,115.88,115.21,4537056
2024-10-21,115.995,115.095,116.01,114.885,6322384
2024-10-22,115.875,115.38,116.27,115.05,6169170
2024-10-23,114.215,115.445,115.62,113.2408,6083640
2024-10-24,114.55,114.68,114.8336,113.87,4832722
2024-10-25,115.145,115.2,116.4375,114.98,8314782
2024-10-28,115.11,115.97,115.97,115.085,5899140
2024-10-29,116.66,115.33,116.995,114.9,7451664
2024-10-30,114.805,115.595,115.905,114.73,8341134
2024-10-31,111.12,113.545,113.545,111.08,12110206
2024-11-01,111.955,111.24,112.79,111.09,11565790
2024-11-04,111.87,112.06,112.675,111.395,6311970
2024-11-05,113.445,112.215,113.535,112.215,7272966
2024-11-06,116.675,115.635,116.89,115.29,10967820
2024-11-07,118.71,117.485,118.845,117.43,10462922
2024-11-08,118.58,118.56,118.97,118.15,7236376
2024-11-11,117.925,118.565,118.64,117.22,7267210
2024-11-12,118.075,117.845,118.225,117.145,7530784
2024-11-13,117.665,117.825,118.535,117.3,6329838
2024-11-14,117.265,117.855,118.06,117.075,6601984
2024-11-15,114.355,115.815,115.965,113.975,11229832
2024-11-18,114.725,114.355,115.21,113.86,6172120
2024-11-19,115.665,114.005,115.76,114.005,6906800
2024-11-20,115.565,115.765,115.805,114.025,8874798
2024-11-21,116.74,116.685,117.285,114.9002,10591736
2024-11-22,116.8,116.53,117.07,116.11,7090838
2024-11-25,116.795,117.68,117.885,116.265,11137288
2024-11-26,117.38,117.325,117.745,116.88,6229916
2024-11-27,115.79,116.585,116.655,114.765,6369324
2024-11-29,116.865,116.06,117.11,115.945,4168342
2024-12-02,117.975,116.95,118.415,116.92,9398226
2024-12-03,118.4,117.475,118.43,117.245,5575908
2024-12-04,120.565,119.88,120.625,119.53,10840578
2024-12-05,119.955,120.375,120.515,119.7897,5637936
2024-12-06,120.42,120.165,120.94,120.035,6654834
2024-12-09,119.635,119.97,120.399,119.33,8032486
2024-12-10,117.975,119.23,119.555,117.6,11234994
2024-12-11,119.685,118.91,120.065,118.5,8689540
2024-12-12,119.015,118.92,119.4525,118.63,7218390
2024-12-13,119.525,120.09,120.56,118.575,8676910
2024-12-16,120.72,119.68,120.825,119.425,9443270
2024-12-17,119.99,119.865,120.46,119.405,8144904
2024-12-18,116.12,120.395,120.725,115.85,16927156
2024-12-19,116.245,117.3,117.68,116.095,13385794
2024-12-20,117.98,115.455,118.93,115.095,14924892
2024-12-23,119.035,118.125,119.085,117.495,7973320
2024-12-24,120.265,119.46,120.27,119.28,4653314
2024-12-26,120.345,119.88,120.785,119.495,7150976
2024-12-27,118.745,119.535,119.69,117.577,8726512
2024-12-30,117.235,117.015,118.17,116.29,7950320
2024-12-31,116.26,117.555,117.635,115.88,9381230
2025-01-02,115.985,117.18,117.51,114.8901,12770312
2025-01-03,117.875,116.695,118.0,116.465,9121130
2025-01-06,119.375,119.22,120.531,118.905,8975322
2025-01-07,116.98,120.0,120.0,116.57,10007298
2025-01-08,116.94,117.25,117.27,115.815,10023790
2025-01-10,114.39,115.71,115.73,113.715,11665792
2025-01-13,113.58,112.55,113.66,112.225,10655948
2025-01-14,113.88,114.46,114.7725,112.975,7220436
2025-01-15,116.145,115.435,116.485,115.055,10465306
2025-01-16,115.25,117.09,117.165,115.225,5368522
2025-01-17,117.055,117.33,117.47,116.54,6743384
2025-01-21,118.03,117.445,118.32,116.6301,6744152
2025-01-22,120.695,119.625,120.975,119.455,10243754
2025-01-23,120.91,119.765,120.935,119.65,7604470
2025-01-24,119.65,121.29,121.29,119.2625,6607604
2025-01-27,113.785,114.29,115.4875,112.735,20705520
2025-01-28,116.82,114.555,117.08,113.345,11260678
2025-01-29,115.87,116.59,116.645,114.745,9050006
2025-01-30,116.085,115.665,116.485,114.87,8840270
2025-01-31,115.405,117.165,117.865,115.095,10744628
2025-02-03,113.85,112.85,114.545,112.2475,13752870
2025-02-04,115.49,114.24,115.67,114.2,8371284
2025-02-05,117.095,115.595,117.12,115.23,5398084
2025-02-06,117.415,117.095,117.655,116.575,6808074
2025-02-07,116.41,117.89,118.455,116.02,8553266
2025-02-10,118.11,117.33,118.405,117.295,6054166
2025-02-11,118.165,117.455,118.64,117.375,6456566
2025-02-12,117.91,116.5,118.0493,116.37,8555660
2025-02-13,119.58,118.12,119.655,117.955,7829570
2025-02-14,119.985,119.48,120.0825,119.26,4557224
2025-02-18,121.08,120.605,121.095,120.045,6023966
2025-02-19,121.09,120.945,121.57,120.1,5604292
2025-02-20,120.705,120.975,121.135,119.43,5987748
2025-02-21,117.435,120.74,120.79,117.375,9057584
2025-02-24,115.755,117.89,118.22,115.61,7447556
2025-02-25,114.255,115.51,115.615,113.475,10434292
2025-02-26,115.5,115.375,116.59,114.615,7630670
2025-02-27,111.295,116.13,116.25,111.245,10100010
2025-02-28,112.765,110.795,112.88,109.85,14172158
2025-03-03,109.335,113.345,113.575,108.525,12516182
2025-03-04,109.25,108.525,111.18,107.13,17720982
2025-03-05,110.785,109.59,111.145,108.12,11931086
2025-03-06,107.71,108.51,110.225,107.1875,16431978
2025-03-07,109.27,107.585,109.545,106.315,11263990
2025-03-10,104.625,107.11,107.31,103.54,21561800
2025-03-11,104.2,104.305,105.955,103.145,14832708
2025-03-12,105.84,106.06,106.76,104.575,10981696
2025-03-13,103.83,105.535,105.77,103.4238,12383066
2025-03-14,106.97,105.19,107.08,105.155,10041532
2025-03-17,107.715,106.885,108.48,106.575,10148780
2025-03-18,106.075,106.95,107.06,105.685,11487380
2025-03-19,107.455,106.62,108.715,106.175,8838650
2025-03-20,106.69,106.235,107.865,106.075,7145274
2025-03-21,106.98,105.3575,107.125,104.97,10425692
2025-03-24,108.815,108.57,109.0725,108.285,8200134
2025-03-25,109.175,108.745,109.32,108.69,7481704
2025-03-26,106.74,108.84,109.1,106.32,7888662
2025-03-27,105.755,106.01,106.61,105.195,6577750
2025-03-28,103.19,105.205,105.63,102.84,10667580
2025-03-31,103.24,101.39,103.475,100.365,14219082
2025-04-01,103.995,102.83,104.085,101.99,9480114
2025-04-02,104.765,102.51,105.63,102.43,9291958
2025-04-03,97.615,99.745,100.35,97.535,19451384
2025-04-04,91.185,94.57,95.32,91.15,33804580
2025-04-07,91.73,87.465,95.905,86.225,44557860
2025-04-08,89.865,95.145,96.42,88.22,25811420
2025-04-09,101.93,90.05,102.49,89.935,36988880
2025-04-10,97.185,98.425,99.1,93.865,19747556
2025-04-11,99.175,96.7,99.6,95.975,14423198
2025-04-14,100.08,102.25,102.315,99.0,11904498
2025-04-15,100.445,100.235,101.205,99.975,7200060
2025-04-16,96.955,97.75,98.79,95.27,13222484
2025-04-17,96.43,97.65,97.65,96.02,7480756
2025-04-21,93.94,94.905,95.145,92.5925,8973362
2025-04-22,96.23,95.19,96.785,94.635,9312868
2025-04-23,99.02,99.92,100.975,98.615,13413710
2025-04-24,102.715,99.995,102.855,99.835,9316954
2025-04-25,104.235,102.405,104.4275,102.305,6518460
2025-04-28,104.065,104.1,104.6125,102.51,5574412
2025-04-29,104.55,103.565,104.985,103.565,9144446
2025-04-30,104.985,102.495,105.375,101.9,10203730
2025-05-01,106.525,107.28,108.275,106.43,11532768
2025-05-02,108.305,107.7425,108.81,107.455,8125414
2025-05-05,107.73,107.375,108.5,107.32,6757276
2025-05-06,106.835,106.13,107.62,105.805,7958152
2025-05-07,107.905,106.835,108.375,106.1,8171378
2025-05-08,108.935,108.975,109.9675,108.005,8704344
2025-05-09,108.8,109.42,109.62,108.24,7330446
2025-05-12,113.85,113.415,113.89,112.271,13478206
2025-05-13,116.31,114.26,116.69,114.13,12757350
2025-05-14,117.065,116.855,117.5225,116.38,10247902
2025-05-15,117.225,116.43,117.885,116.29,9536352
2025-05-16,117.445,117.605,117.605,116.43,8111660
2025-05-19,117.275,115.71,117.5375,115.67,11863048
2025-05-20,116.835,116.545,116.855,115.95,10273646
2025-05-21,114.64,115.74,117.355,114.175,18643572
2025-05-22,114.67,114.695,115.7,114.415,11372044
2025-05-23,113.405,112.675,114.145,112.551,12003920
2025-05-27,116.1,115.17,116.26,114.785,14208308
2025-05-28,115.62,116.24,116.7025,115.45,10789124
2025-05-29,115.815,117.37,117.49,115.22,14013150
2025-05-30,115.455,115.76,115.815,113.71,13494118
2025-06-02,116.475,115.15,116.545,115.01,12878766
2025-06-03,118.225,116.63,118.315,116.545,14312342
2025-06-04,118.4,118.375,118.7675,117.815,10899200
2025-06-05,118.065,118.75,119.785,117.555,15887010
2025-06-06,119.18,119.205,119.73,118.84,9026022
2025-06-09,119.765,119.645,120.505,119.555,11100938
2025-06-10,120.435,119.745,120.615,119.295,9832436
2025-06-11,120.17,120.725,121.2125,119.55,9600038
2025-06-12,121.285,120.145,121.565,120.125,11210374
2025-06-13,119.585,119.88,120.7925,119.145,13193708
2025-06-16,121.52,120.305,121.88,120.305,13866252
2025-06-17,120.66,121.01,121.865,120.375,10525356
2025-06-18,120.805,120.955,121.565,120.19,11065960
2025-06-20,120.27,121.235,121.645,119.7048,11490654
2025-06-23,121.44,120.19,121.545,119.375,12277030
2025-06-24,123.62,122.675,123.77,122.53,11329482
2025-06-25,124.675,124.26,124.86,124.15,9228680
2025-06-26,125.535,125.235,125.735,124.74,11289294
2025-06-27,125.385,125.875,126.355,124.815,12196514
2025-06-30,126.615,126.485,126.96,125.875,13365120
2025-07-01,125.485,126.21,126.475,124.625,15144754
2025-07-02,126.81,125.17,126.895,125.0775,11950194
2025-07-03,128.48,127.5,128.865,127.45,7112818
2025-07-07,127.46,127.985,128.32,126.89,11560830
2025-07-08,128.145,128.13,128.39,127.615,15715164
2025-07-09,128.915,128.6,129.4,127.9575,12933510
2025-07-10,128.49,129.235,129.35,127.815,9994226
2025-07-11,127.925,127.88,128.675,127.72,9238974
2025-07-14,127.82,127.61,128.135,126.6,8125248
2025-07-15,128.955,129.31,129.615,128.91,15657054
2025-07-16,129.355,129.0,129.4275,127.405,17782658
2025-07-17,130.53,129.51,130.735,129.255,11955064
2025-07-18,130.445,131.03,131.075,130.095,10281074
2025-07-21,130.615,130.59,131.505,130.4375,9246618
2025-07-22,129.405,130.515,130.6072,128.475,13448894
2025-07-23,130.145,129.74,130.315,128.97,10091792
2025-07-24,130.695,130.4625,130.95,129.96,12159626
2025-07-25,130.995,130.655,131.325,130.3826,8001970
2025-07-28,132.04,131.495,132.075,131.2225,11517532
2025-07-29,132.045,132.9,133.635,131.82,13739048
2025-07-30,132.34,132.185,132.79,131.3,13934616
2025-07-31,131.37,134.005,134.005,130.73,16414360
2025-08-01,128.535,129.94,129.985,127.89,19438016
2025-08-04,131.145,129.745,131.17,129.745,12376904
2025-08-05,130.06,131.63,131.745,129.7575,11176052
2025-08-06,131.525,130.185,131.695,130.1,10167088
2025-08-07,131.645,132.99,133.205,130.55,10318098
2025-08-08,132.96,132.14,133.11,131.795,11016472
2025-08-11,132.06,132.875,133.475,131.755,9425422
2025-08-12,134.105,132.72,134.14,131.985,11154956
2025-08-13,134.155,134.88,135.0249,133.6625,13990174
2025-08-14,133.865,133.475,134.325,133.1675,15484334
2025-08-15,132.85,133.685,133.685,132.32,13373126
2025-08-18,133.135,132.6825,133.2525,132.555,12233766
2025-08-19,130.81,133.085,133.115,130.565,17366906
2025-08-20,129.925,130.48,130.48,127.92,23064300
2025-08-21,129.455,129.61,130.13,128.895,15148558
2025-08-22,131.21,129.315,132.065,128.955,13756014
2025-08-25,130.915,131.205,131.735,130.555,10691774
2025-08-26,131.515,131.025,131.69,130.835,11081002
2025-08-27,132.225,131.645,132.375,131.04,11538638
2025-08-28,133.27,132.385,133.555,131.725,12380568
2025-08-29,131.225,132.685,132.71,130.745,17481146
2025-09-02,129.9,128.905,130.02,128.14,18226030
2025-09-03,130.675,130.565,130.935,129.7,15636628
2025-09-04,131.32,130.14,131.3725,129.61,24397400
2025-09-05,131.43,132.565,132.615,130.095,38561880
2025-09-08,132.415,132.12,132.895,132.09,20556500
2025-09-09,132.67,132.71,132.81,131.73,19354906
2025-09-10,135.075,135.355,135.985,134.43,25957140
2025-09-11,135.53,135.925,136.115,135.31,23429240
2025-09-12,135.44,135.8,135.93,135.15,15612228
2025-09-15,136.66,135.655,136.69,135.49,16268022
2025-09-16,136.185,136.975,137.0675,136.02,16081462
2025-09-17,135.715,136.095,136.26,134.31,18948526
2025-09-18,138.06,137.475,138.465,136.81,20883340
2025-09-19,139.46,138.615,139.59,138.165,15670762
2025-09-22,141.33,139.075,141.445,139.02,15771162
2025-09-23,140.11,141.1375,141.365,139.4876,16457122
2025-09-24,139.245,140.485,140.485,138.315,13471012
2025-09-25,139.0,137.98,139.345,137.125,21349700
2025-09-26,139.42,139.15,139.545,138.19,16534048
2025-09-29,140.165,140.22,140.96,139.84,16107478
2025-09-30,140.93,140.165,141.07,139.87,18215140
2025-10-01,142.31,140.21,142.41,140.17,17411244
2025-10-02,143.08,143.635,143.665,142.435,17607828
2025-10-03,142.36,143.21,143.94,141.87,17457914
2025-10-06,143.8,144.28,144.72,143.725,17945644
2025-10-07,142.84,144.54,144.75,142.085,15588378
2025-10-08,145.345,143.17,145.35,143.0925,14038684
2025-10-09,145.1,145.28,145.41,144.345,11989432
2025-10-10,139.195,145.4025,145.67,139.14,44574580
2025-10-13,142.585,142.365,143.06,141.555,22030320
2025-10-14,140.755,140.715,142.19,139.12,26956780
2025-10-15,142.15,142.73,143.29,140.3975,20937560
2025-10-16,142.255,143.175,143.8097,141.285,23166200
2025-10-17,142.505,141.41,142.93,140.51,25511540
2025-10-20,144.095,143.32,144.71,143.235,13805140
2025-10-21,144.17,144.005,144.6825,143.475,12503878
2025-10-22,142.745,144.105,144.421,140.95,20723260
2025-10-23,144.545,142.185,144.775,142.185,11923498
2025-10-24,146.79,146.25,147.2825,146.035,14359558
2025-10-27,149.5,148.85,149.63,148.61,15166990
2025-10-28,150.98,150.225,151.57,149.71,15055150
2025-10-29,152.065,152.3475,152.995,150.935,21506180
2025-10-30,150.195,151.2,151.98,150.145,19218542
2025-10-31,150.34,151.71,151.82,149.47,16303828
2025-11-03,150.955,151.78,152.11,150.13,13983640
2025-11-04,146.97,148.2225,149.2,146.725,16722508
2025-11-05,147.545,146.7075,148.74,146.485,14447042
2025-11-06,144.58,147.31,147.47,143.835,24797380
2025-11-07,144.08,143.345,144.115,140.799,25546960
2025-11-10,147.765,146.655,148.045,145.895,18286348
2025-11-11,146.505,146.79,147.055,145.53,14871586
2025-11-12,146.96,147.73,147.73,146.075,13179216
2025-11-13,143.295,146.14,146.34,142.515,22385820
2025-11-14,144.075,140.65,145.38,140.145,27429540
2025-11-17,141.82,142.725,144.285,140.675,24675360
2025-11-18,139.515,140.595,141.32,138.235,36747560
2025-11-19,140.485,139.525,142.06,139.165,27668900
2025-11-20,136.075,143.72,144.2573,135.76,56551780
2025-11-21,136.6,136.3,138.42,133.74,44958900
2025-11-24,139.855,137.52,140.3475,137.435,20124880
2025-11-25,140.23,138.625,140.59,136.655,21303340
2025-11-26,141.89,141.885,142.495,140.79,13359394
2025-11-28,143.11,142.19,143.135,141.805,6792182
2025-12-01,143.175,141.72,143.6025,141.285,12846540
2025-12-02,144.65,144.065,145.515,143.645,15719056
2025-12-03,144.995,143.95,145.095,143.2275,11623232
2025-12-04,145.535,145.19,145.795,144.495,9995268
2025-12-05,146.6,146.21,147.31,145.69,6627969
2025-12-08,147.63,147.43,148.38,146.92,8272771
2025-12-09,148.02,147.335,148.25,146.96,6978176
2025-12-10,148.73,147.69,149.22,146.82,8961059
2025-12-11,147.97,147.06,148.13,145.11,9769253
2025-12-12,143.69,146.94,147.08,143.26,14873170
2025-12-15,142.3,144.42,144.63,142.02,10790250
2025-12-16,142.56,141.91,142.97,141.3,10790910
2025-12-17,139.39,142.72,142.84,139.32,18178750
2025-12-18,141.54,141.86,142.42,140.79,12319520
2025-12-19,144.6,142.59,144.62,142.57,14265940
2025-12-22,145.16,146.01,146.01,144.645,8864472
2025-12-23,145.95,144.74,145.98,144.36,7546050
2025-12-24,146.3,145.79,146.5,145.68,3676257
2025-12-26,146.53,146.61,146.98,146.24,5052923
2025-12-29,145.87,145.35,146.38,145.04,9822319
2025-12-30,145.41,145.85,146.26,145.375,6387446
2025-12-31,143.97,145.71,145.8,143.9,9528387
2026-01-02,144.3,145.63,146.52,143.405,15299450
